names,scores,logfoldchanges,pvals,pvals_adj,Cell type,Regulation
IFI44L,25.06764,2.2117503,1.1213229077032668e-138,1.8543316924688925e-134,CD4+ T Cells,upregulated
XAF1,22.80809,1.5745808,3.811273532023261e-115,3.151351519953433e-111,CD4+ T Cells,upregulated
ISG15,21.404613,1.567859,1.2102141225693568e-101,6.671103648309818e-98,CD4+ T Cells,upregulated
LY6E,20.53621,1.1978256,1.022367640673462e-93,4.22672341845426e-90,CD4+ T Cells,upregulated
IFI6,20.45996,1.7434157,4.897815928415237e-93,1.6199036401640555e-89,CD4+ T Cells,upregulated
MX1,18.739521,1.5532007,2.3573602123999857e-78,6.497277638743094e-75,CD4+ T Cells,upregulated
EIF2AK2,15.294862,1.3572875,8.273678667493519e-53,1.954597487490576e-49,CD4+ T Cells,upregulated
IFIT3,14.521358,2.2050745,8.873529225973612e-48,1.6304616978880624e-44,CD4+ T Cells,upregulated
IFIT1,13.716731,3.3321836,8.061876397527554e-43,1.3331924998591315e-39,CD4+ T Cells,upregulated
HERC5,13.4229965,1.9269981,4.4341581855865605e-41,6.666152174094995e-38,CD4+ T Cells,upregulated
SAMD9L,12.539802,1.5113935,4.521270975899122e-36,5.340589866317413e-33,CD4+ T Cells,upregulated
RSAD2,9.799884,2.0873942,1.1271567101628413e-22,6.213263505320969e-20,CD4+ T Cells,upregulated
OAS1,9.477215,2.248793,2.611613551693933e-21,1.3087349486170477e-18,CD4+ T Cells,upregulated
IFI44,9.257041,1.7739196,2.1017680196436216e-20,9.39376695698556e-18,CD4+ T Cells,upregulated
EPSTI1,8.826285,1.176627,1.0820992251310556e-18,4.161552299067969e-16,CD4+ T Cells,upregulated
OAS2,8.3365755,1.1563319,7.647279232654243e-17,2.5292611334080645e-14,CD4+ T Cells,upregulated
IFIT2,7.723617,2.197471,1.1307426820609995e-14,3.339123523793348e-12,CD4+ T Cells,upregulated
PLSCR1,7.4873505,1.1699677,7.027785435661111e-14,1.936974795825463e-11,CD4+ T Cells,upregulated
DDX60,6.549018,1.3660611,5.791662231072836e-11,1.3120098399349518e-08,CD4+ T Cells,upregulated
OAS3,6.510903,2.120041,7.470050310130389e-11,1.64709629304835e-08,CD4+ T Cells,upregulated
DDX60L,6.4254885,1.0954363,1.3144686115519502e-10,2.6836256085474814e-08,CD4+ T Cells,upregulated
OASL,6.182222,2.1,6.32056005600702e-10,1.1990294094665308e-07,CD4+ T Cells,upregulated
HERC6,5.5797033,1.4290067,2.409290835193372e-08,3.7945183372945517e-06,CD4+ T Cells,upregulated
USP18,5.451516,2.2331939,4.994212746859879e-08,7.647157055076096e-06,CD4+ T Cells,upregulated
HELZ2,5.262645,1.5074949,1.4199783891247902e-07,2.0598405807856714e-05,CD4+ T Cells,upregulated
SPATS2L,4.8066807,1.7985785,1.534567847974986e-06,0.000178712313394101,CD4+ T Cells,upregulated
IFIH1,4.60387,1.0166267,4.147115606575024e-06,0.0004511898078021788,CD4+ T Cells,upregulated
IFIT5,4.355617,1.2562884,1.3269268488518782e-05,0.001354530203670587,CD4+ T Cells,upregulated
LGALS9,4.206033,1.5846932,2.598922487513843e-05,0.0025281400691774367,CD4+ T Cells,upregulated
CMPK2,4.194322,1.8008591,2.736888036389828e-05,0.002646778798700502,CD4+ T Cells,upregulated
XAF1,20.597954,2.0064316,2.8629140588564095e-94,4.734400979130845e-90,CD8+ Naive T Cells,upregulated
IFI44L,17.578438,2.2128787,3.603713165779767e-69,2.979730231125e-65,CD8+ Naive T Cells,upregulated
ISG15,16.46432,1.548478,6.620260442388255e-61,3.649308231192486e-57,CD8+ Naive T Cells,upregulated
LY6E,16.047497,1.3265918,5.951594223701269e-58,2.4605378419336972e-54,CD8+ Naive T Cells,upregulated
MX1,14.649587,1.6486007,1.3553679498904857e-48,4.482743957467792e-45,CD8+ Naive T Cells,upregulated
IFI6,14.366269,1.6961124,8.424949962151105e-47,2.322056625401547e-43,CD8+ Naive T Cells,upregulated
EIF2AK2,11.207899,1.3852121,3.729408704761734e-29,6.852581305627199e-26,CD8+ Naive T Cells,upregulated
MX2,10.950539,1.0727302,6.605341653203851e-28,1.0923253491903207e-24,CD8+ Naive T Cells,upregulated
SAMD9L,9.364392,1.3162539,7.648935282007691e-21,9.730034058350861e-18,CD8+ Naive T Cells,upregulated
IRF7,8.364482,1.2704144,6.03795638951563e-17,4.9924842406709984e-14,CD8+ Naive T Cells,upregulated
HERC5,8.32351,1.9500115,8.539572032891483e-17,6.724709652758402e-14,CD8+ Naive T Cells,upregulated
IFIT1,8.310283,2.9206607,9.547403857727781e-17,7.176609890692923e-14,CD8+ Naive T Cells,upregulated
TRIM22,7.980502,1.0319736,1.457391950065768e-15,1.0478648120972871e-12,CD8+ Naive T Cells,upregulated
IFIT3,7.398193,1.7388804,1.3805045744855042e-13,8.455334869728438e-11,CD8+ Naive T Cells,upregulated
IFI44,6.8322453,2.1241505,8.359581602232985e-12,4.608080031870896e-09,CD8+ Naive T Cells,upregulated
RSAD2,6.160167,1.7609619,7.266815791857038e-10,3.2478738581064825e-07,CD8+ Naive T Cells,upregulated
OAS1,5.949485,2.22238,2.689878813210707e-09,1.1120631483516365e-06,CD8+ Naive T Cells,upregulated
OAS2,5.287507,1.124617,1.239945625948613e-07,4.184689962512696e-05,CD8+ Naive T Cells,upregulated
EPSTI1,5.0570316,1.172658,4.25832552551103e-07,0.00013286779097240736,CD8+ Naive T Cells,upregulated
DDX60,5.0360975,1.2473485,4.751185108329422e-07,0.0001455006446971179,CD8+ Naive T Cells,upregulated
PLSCR1,5.0270348,1.1176713,4.981221502794409e-07,0.00014977174543947478,CD8+ Naive T Cells,upregulated
OAS3,4.7698674,2.2473586,1.843472371542438e-06,0.0005167034340372423,CD8+ Naive T Cells,upregulated
FGFBP2,-4.4756336,-1.3095696,7.618501252798275e-06,0.001799816503107501,CD8+ Naive T Cells,downregulated
IFI6,15.337596,1.972445,4.287800284522392e-53,7.090735330514679e-49,CD8+ Effector T Cells,upregulated
XAF1,13.733266,1.4557132,6.417417524550634e-43,5.306241680174692e-39,CD8+ Effector T Cells,upregulated
ISG15,12.282657,1.3089107,1.122506613365284e-34,6.187630621740567e-31,CD8+ Effector T Cells,upregulated
MX1,11.874622,1.924355,1.6035599983878048e-32,6.629517923334782e-29,CD8+ Effector T Cells,upregulated
LY6E,11.735171,1.1489872,8.41555408197842e-32,2.7833603570735423e-28,CD8+ Effector T Cells,upregulated
IFI44L,10.716251,2.5321708,8.539418905232073e-27,2.3536061739303798e-23,CD8+ Effector T Cells,upregulated
EIF2AK2,10.237259,1.3339273,1.3500687007789538e-24,3.1894408721116513e-21,CD8+ Effector T Cells,upregulated
IRF9,8.948584,1.1229609,3.600737946457463e-19,5.954540342056706e-16,CD8+ Effector T Cells,upregulated
MX2,8.781399,1.5746925,1.6145463403664356e-18,2.4272502573308857e-15,CD8+ Effector T Cells,upregulated
SAMD9L,8.318304,1.0761192,8.923107773998814e-17,1.2296786104884865e-13,CD8+ Effector T Cells,upregulated
STAT1,7.9226723,1.203711,2.324598896357542e-15,2.957068611466513e-12,CD8+ Effector T Cells,upregulated
HERC5,7.258777,1.700316,3.9060604851494906e-13,3.7996777789951253e-10,CD8+ Effector T Cells,upregulated
IFIT3,6.8651247,1.9459572,6.64332481432041e-12,5.782140129179822e-09,CD8+ Effector T Cells,upregulated
IFI44,5.857865,1.7425144,4.688556160587087e-09,3.230610551151194e-06,CD8+ Effector T Cells,upregulated
IFIT1,5.783004,3.0602863,7.33784629076518e-09,4.853838564415352e-06,CD8+ Effector T Cells,upregulated
RSAD2,5.6335125,2.368482,1.765757022188061e-08,1.0428687098544272e-05,CD8+ Effector T Cells,upregulated
OAS2,5.4495115,1.2789615,5.050829222488554e-08,2.784185428409774e-05,CD8+ Effector T Cells,upregulated
IRF7,5.310236,1.154725,1.0948325734135185e-07,5.6578894582935486e-05,CD8+ Effector T Cells,upregulated
PARP9,4.995539,1.2145084,5.867154767227232e-07,0.0002853680540754022,CD8+ Effector T Cells,upregulated
IFITM1,4.7758956,1.1167452,1.7890912200218038e-06,0.0008218389307083491,CD8+ Effector T Cells,upregulated
PLSCR1,4.66279,1.2668912,3.119515285097513e-06,0.0013575637965699363,CD8+ Effector T Cells,upregulated
EPSTI1,4.654689,1.1763544,3.2447006573966327e-06,0.001375836276188926,CD8+ Effector T Cells,upregulated
OAS1,4.252976,1.5431678,2.1094826453143668e-05,0.0072676071886591,CD8+ Effector T Cells,upregulated
IFI6,21.234776,1.7131982,4.558601498432587e-100,1.2564265496596616e-96,CD14+ Monocytes,upregulated
MX2,19.211958,2.1420352,2.939672663375442e-82,3.7394897564799755e-79,CD14+ Monocytes,upregulated
XAF1,18.977577,1.9561177,2.613735753283539e-80,2.7014592595031177e-77,CD14+ Monocytes,upregulated
ISG15,18.445314,1.8421707,5.686633020142163e-76,5.531755897299467e-73,CD14+ Monocytes,upregulated
LY6E,17.213722,1.892101,2.095196524275846e-66,1.732413246097483e-63,CD14+ Monocytes,upregulated
IFI16,16.086926,1.0886316,3.1510484022815466e-58,2.0041879780203823e-55,CD14+ Monocytes,upregulated
MX1,16.030884,2.357242,7.776900689755789e-58,4.434710576085913e-55,CD14+ Monocytes,upregulated
EIF2AK2,15.506095,1.5299029,3.1549311573672635e-54,1.6830031144962075e-51,CD14+ Monocytes,upregulated
IFITM3,15.094447,1.8958533,1.761576784455149e-51,7.873296022847243e-49,CD14+ Monocytes,upregulated
EPSTI1,14.630294,1.70246,1.8000790960127522e-48,7.260465368478752e-46,CD14+ Monocytes,upregulated
IFIT3,13.005771,2.460256,1.1344981627376066e-38,2.886337864183354e-36,CD14+ Monocytes,upregulated
CD163,12.956582,1.7276129,2.1564356698552824e-38,5.403178283696486e-36,CD14+ Monocytes,upregulated
OAS1,12.853947,2.5331821,8.173182583568314e-38,1.9308560054924172e-35,CD14+ Monocytes,upregulated
OAS3,12.755765,2.5530818,2.8951982458807233e-37,6.743365266497116e-35,CD14+ Monocytes,upregulated
PARP9,12.227332,1.4475971,2.2211462892561466e-34,4.7702722318738826e-32,CD14+ Monocytes,upregulated
OAS2,12.0106945,2.5829897,3.12210848809055e-33,6.453788508444178e-31,CD14+ Monocytes,upregulated
MNDA,11.77722,1.6198493,5.115278040731655e-32,9.83620383250923e-30,CD14+ Monocytes,upregulated
LAP3,11.505419,1.0092098,1.2388600174983839e-30,2.3280713760648606e-28,CD14+ Monocytes,upregulated
HERC5,11.285708,2.0520086,1.5439252237262354e-29,2.687567518395869e-27,CD14+ Monocytes,upregulated
SP110,11.005978,1.1308439,3.5761433139339255e-28,5.686411729088974e-26,CD14+ Monocytes,upregulated
TNFSF13B,10.967897,1.7889673,5.452550102522466e-28,8.587506766229906e-26,CD14+ Monocytes,upregulated
IFI35,10.785086,1.2121644,4.0486452389049934e-27,6.257237973436624e-25,CD14+ Monocytes,upregulated
IFIT1,10.379323,3.539386,3.0795156744955175e-25,4.07407605673059e-23,CD14+ Monocytes,upregulated
IFI44,10.242273,2.7928507,1.2818872462166996e-24,1.6182114038691267e-22,CD14+ Monocytes,upregulated
DDX58,10.183118,1.678612,2.3588040981412554e-24,2.868201718453084e-22,CD14+ Monocytes,upregulated
IFIH1,10.032494,1.2353411,1.0971062669846184e-23,1.3052407436780314e-21,CD14+ Monocytes,upregulated
APOBEC3A,9.961203,2.3991246,2.2532012536863973e-23,2.6426375271072307e-21,CD14+ Monocytes,upregulated
SAMD9L,9.662977,1.4549801,4.330899164223114e-22,4.77467196525051e-20,CD14+ Monocytes,upregulated
LGALS9,9.619972,1.2064648,6.584890388546228e-22,7.211545189098608e-20,CD14+ Monocytes,upregulated
IFI44L,9.547713,2.5842626,1.3259074242516367e-21,1.4238007191460596e-19,CD14+ Monocytes,upregulated
SIGLEC1,9.46813,2.6718926,2.8489750406988534e-21,2.963113223146977e-19,CD14+ Monocytes,upregulated
RSAD2,9.150174,2.6640234,5.684169169191918e-20,5.595184854221831e-18,CD14+ Monocytes,upregulated
OLFML2B,9.078517,1.7280493,1.1006395311325262e-19,1.0460503405941715e-17,CD14+ Monocytes,upregulated
OASL,8.749246,2.0805645,2.147839359568892e-18,1.8994021117214312e-16,CD14+ Monocytes,upregulated
IFIT2,8.013912,3.180663,1.1111631899868159e-15,8.390550535530582e-14,CD14+ Monocytes,upregulated
TRIM22,7.8929124,1.4626856,2.952143220840988e-15,2.1892193920649067e-13,CD14+ Monocytes,upregulated
AOAH,7.5199976,1.1023644,5.477730001055478e-14,3.5663472845454503e-12,CD14+ Monocytes,upregulated
ADGRE1,7.5054317,1.1727921,6.122654678536773e-14,3.970601585057357e-12,CD14+ Monocytes,upregulated
CD36,7.329369,1.0205364,2.312391606899814e-13,1.4539931560190959e-11,CD14+ Monocytes,upregulated
CMPK2,7.2153764,2.9088156,5.378499296233677e-13,3.222617494993345e-11,CD14+ Monocytes,upregulated
CD4,7.1149178,1.0284647,1.1197951243885788e-12,6.590054082567233e-11,CD14+ Monocytes,upregulated
HRH2,7.0432744,1.1723212,1.8777411237029395e-12,1.0819583610688331e-10,CD14+ Monocytes,upregulated
PNPT1,7.033176,1.6254224,2.018845945834276e-12,1.1592241460507438e-10,CD14+ Monocytes,upregulated
HACD4,6.9849925,1.3480058,2.848711088959944e-12,1.6023515400724692e-10,CD14+ Monocytes,upregulated
DDX60,6.96786,1.4930669,3.217977886598053e-12,1.785761755391678e-10,CD14+ Monocytes,upregulated
LXN,5.720484,1.1504897,1.0622103648407613e-08,4.3372278526843627e-07,CD14+ Monocytes,upregulated
TNFSF10,5.530308,2.0199802,3.1966901950583356e-08,1.2380249591494074e-06,CD14+ Monocytes,upregulated
HELZ2,5.5099077,1.4077686,3.590221396247838e-08,1.3807323541802442e-06,CD14+ Monocytes,upregulated
TRIM14,5.181858,1.6022496,2.1968649617703131e-07,7.5686574734990975e-06,CD14+ Monocytes,upregulated
LGALS2,5.151196,1.0822867,2.5883018881576344e-07,8.825308932878927e-06,CD14+ Monocytes,upregulated
SLCO2B1,5.061542,1.0466496,4.1587875080421263e-07,1.375477380409853e-05,CD14+ Monocytes,upregulated
CCL8,4.8547225,1.6827514,1.2055535017071693e-06,3.740462019826895e-05,CD14+ Monocytes,upregulated
IFIT5,4.737996,1.9107099,2.1584177531776447e-06,6.408214431651474e-05,CD14+ Monocytes,upregulated
NR1H3,4.7069407,1.0674635,2.5146194055183478e-06,7.373095941322149e-05,CD14+ Monocytes,upregulated
HERC6,4.4021206,1.8509698,1.0719797350711929e-05,0.0002830453867001165,CD14+ Monocytes,upregulated
NLN,4.3355646,1.1319762,1.4538647540136653e-05,0.00037625291763887297,CD14+ Monocytes,upregulated
USP18,4.2812524,2.3574698,1.8584432777730103e-05,0.0004706443565778296,CD14+ Monocytes,upregulated
TRIM5,4.2244735,1.3728456,2.3949996290584907e-05,0.0005982795901169223,CD14+ Monocytes,upregulated
SECTM1,4.1290617,1.0972505,3.642462936984385e-05,0.0008729769505639241,CD14+ Monocytes,upregulated
TRIM34,3.5220604,1.0247319,0.00042820665879577465,0.008176967109129013,CD14+ Monocytes,upregulated
NT5E,-3.6277332,-1.428246,0.00028592039127394657,0.005662593425745215,CD14+ Monocytes,downregulated
RASAL1,-3.7505069,-2.3039267,0.00017647744016851722,0.0036029721334157644,CD14+ Monocytes,downregulated
IL24,-3.9997478,-2.26489,6.341005290187254e-05,0.0014305757774055474,CD14+ Monocytes,downregulated
ADGRE3,-4.178481,-1.0448494,2.9346253022099583e-05,0.0007178979086190249,CD14+ Monocytes,downregulated
BHLHE41,-4.552944,-1.1050936,5.290032091925346e-06,0.00014877765425879157,CD14+ Monocytes,downregulated
ABCG1,-4.557869,-1.1743528,5.167528621881839e-06,0.0001455799332539352,CD14+ Monocytes,downregulated
SCG5,-4.815909,-1.855664,1.4653135742968373e-06,4.454391650394632e-05,CD14+ Monocytes,downregulated
CD109,-6.001876,-1.0065169,1.9505104459870125e-09,8.64736519440495e-08,CD14+ Monocytes,downregulated
TNFSF14,-6.007683,-1.1177983,1.8819332118167115e-09,8.411224195625123e-08,CD14+ Monocytes,downregulated
SLAMF8,-6.364299,-1.0035329,1.9618408860360747e-10,9.458589717894627e-09,CD14+ Monocytes,downregulated
FBP1,-11.199341,-1.2781677,4.1077965242697585e-29,7.003157847613298e-27,CD14+ Monocytes,downregulated
IL3RA,-12.397678,-1.0252632,2.690064077147614e-35,5.853367058393433e-33,CD14+ Monocytes,downregulated
CXCL5,-13.090314,-1.2039742,3.740574123134111e-39,1.0309645712378132e-36,CD14+ Monocytes,downregulated
GPR68,-16.059576,-1.2642009,4.898855477670238e-58,3.000458260527138e-55,CD14+ Monocytes,downregulated
ALOX5AP,-21.152006,-1.2688903,2.6445060106405467e-99,6.247456556851817e-96,CD14+ Monocytes,downregulated
CLEC5A,-24.514778,-1.1887658,1.027690305724149e-132,4.2487286464400635e-129,CD14+ Monocytes,downregulated
TIPARP,-24.738174,-1.5465769,4.156164536523661e-135,2.291016431349726e-131,CD14+ Monocytes,downregulated
CYP1B1,-37.141064,-2.085508,6.111795383259431e-302,1.010707602529612e-297,CD14+ Monocytes,downregulated
ISG15,20.87947,2.2271168,8.229734276577694e-97,1.3609511573176533e-92,B Cells,upregulated
XAF1,19.488495,1.7123789,1.3746729103749394e-84,1.1366482959435186e-80,B Cells,upregulated
IFI44L,18.855694,2.2682705,2.6385260398927033e-79,1.4544435040568544e-75,B Cells,upregulated
MX1,18.748423,2.1619809,1.9942172696681012e-78,8.244592747125347e-75,B Cells,upregulated
IFI6,16.593355,2.0707936,7.78473022388348e-62,2.450780449862406e-58,B Cells,upregulated
EIF2AK2,16.585367,1.7819276,8.891989296229326e-62,2.450780449862406e-58,B Cells,upregulated
LY6E,16.55745,1.4948715,1.4146557824892914e-61,3.3420232392893445e-58,B Cells,upregulated
IFIT3,16.172884,2.7525003,7.834434991571492e-59,1.619475643195222e-55,B Cells,upregulated
SAMD9L,15.994972,1.7988105,1.3851939323021286e-57,2.5452168953867e-54,B Cells,upregulated
MX2,15.727123,2.2802281,9.859024374637904e-56,1.6303868608338701e-52,B Cells,upregulated
HERC5,11.792796,2.3780124,4.251844412620257e-32,4.687516736766746e-29,B Cells,upregulated
IFIT1,11.649868,3.0798733,2.298146250421105e-31,2.2355555613655186e-28,B Cells,upregulated
SAMD9,11.368793,1.1837118,5.9809149990383106e-30,5.494799518838696e-27,B Cells,upregulated
IRF7,11.302936,1.5257161,1.269030291144446e-29,1.104523890771353e-26,B Cells,upregulated
TRIM22,10.530511,1.1681864,6.249406717742343e-26,4.921258994824054e-23,B Cells,upregulated
IFIT2,10.313489,2.662797,6.1237152032506085e-25,4.402951231137188e-22,B Cells,upregulated
EPSTI1,9.328008,1.2530278,1.0787927740283615e-20,7.135998441642806e-18,B Cells,upregulated
OAS1,9.178255,2.0655422,4.381345027165336e-20,2.786703950547429e-17,B Cells,upregulated
PLSCR1,8.481282,1.3786185,2.2272469881107027e-17,1.1881284981415061e-14,B Cells,upregulated
OAS2,8.191535,1.6565057,2.5791501869537204e-16,1.2924668679288994e-13,B Cells,upregulated
NT5C3A,7.444062,1.1139348,9.763551727857794e-14,4.139996280091906e-11,B Cells,upregulated
OAS3,7.349624,2.579435,1.9876494459713302e-13,8.217439722006972e-11,B Cells,upregulated
IFI35,6.817109,1.1085775,9.289078201813232e-12,3.2002809629871963e-09,B Cells,upregulated
SLFN5,6.6101823,2.2590077,3.8384732738962516e-11,1.2695366506084463e-08,B Cells,upregulated
DDX60L,6.2656302,1.6130515,3.7132063718815266e-10,1.1164598867600874e-07,B Cells,upregulated
PARP9,6.228496,1.2202784,4.709336369994958e-10,1.366285886852748e-07,B Cells,upregulated
IFI44,6.162542,1.9961803,7.158647154702494e-10,2.041078413746813e-07,B Cells,upregulated
IFIH1,5.5820575,1.068037,2.3768950471478808e-08,5.696625129664421e-06,B Cells,upregulated
IFITM1,5.456191,1.5409166,4.864564883433689e-08,1.1330325278499e-05,B Cells,upregulated
TNFSF10,5.442172,1.6076558,5.263479472401725e-08,1.1838055348180443e-05,B Cells,upregulated
DDX60,5.133841,1.4241519,2.8388761670436276e-07,5.795863601777835e-05,B Cells,upregulated
ZBP1,5.046478,1.788873,4.500288772507227e-07,8.966418726620725e-05,B Cells,upregulated
USP18,5.0192657,2.734366,5.186932247616986e-07,0.0001009132924456966,B Cells,upregulated
MNDA,4.8086658,1.4432906,1.5194093988795965e-06,0.00026730290669438176,B Cells,upregulated
PNPT1,4.6679435,1.2483822,3.0422961450526308e-06,0.0004837543399109169,B Cells,upregulated
RSAD2,4.6077924,2.06929,4.0696708458265095e-06,0.0006349070450701225,B Cells,upregulated
DDX58,4.3587,1.1838965,1.3083748253303937e-05,0.0019492427465305153,B Cells,upregulated
ISG15,29.270191,2.7011259,2.4854431663637848e-188,4.110177364215791e-184,NK Cells,upregulated
IFI6,27.5911,2.6871097,1.4229262546493726e-167,1.1765465736568337e-163,NK Cells,upregulated
MX1,24.273438,2.7917068,3.740852582302377e-130,1.912370034432619e-126,NK Cells,upregulated
LY6E,24.264704,1.647316,4.625675840678766e-130,1.912370034432619e-126,NK Cells,upregulated
XAF1,23.62233,1.767147,2.2727071149493452e-123,7.516751511983464e-120,NK Cells,upregulated
ISG20,23.053608,1.949289,1.3532819879074271e-117,3.729870705670854e-114,NK Cells,upregulated
IFI44L,21.081436,2.7238078,1.177580197930477e-98,2.781949104739471e-95,NK Cells,upregulated
IFIT3,20.859335,2.937374,1.2540087176709938e-96,2.592192770515653e-93,NK Cells,upregulated
MX2,18.307846,2.718537,7.164770129713568e-75,1.3164867070563695e-71,NK Cells,upregulated
BST2,18.073982,1.321278,5.108948062279899e-73,8.448667410592268e-70,NK Cells,upregulated
TRIM22,17.871914,1.8574046,1.9518448198358475e-71,2.9343325259659464e-68,NK Cells,upregulated
IFIT1,17.364634,3.5579746,1.5287123666275504e-67,2.1066930339099834e-64,NK Cells,upregulated
RNF213,17.020939,1.0503289,5.744302326631014e-65,7.3071944288843905e-62,NK Cells,upregulated
EIF2AK2,17.001886,1.7888062,7.951946892875931e-65,9.392953269106376e-62,NK Cells,upregulated
SP100,16.316185,1.2365357,7.57219712478443e-60,8.348094923504008e-57,NK Cells,upregulated
SAMD9,16.068663,1.3981436,4.231182444994064e-58,4.373191505804177e-55,NK Cells,upregulated
SAMD9L,16.029602,1.5462583,7.939002526335451e-58,7.722781457529962e-55,NK Cells,upregulated
HERC5,15.989382,2.7662067,1.5152808443469976e-57,1.3921221846092387e-54,NK Cells,upregulated
IFITM3,15.484368,2.0892634,4.423866159272412e-54,3.850393403994099e-51,NK Cells,upregulated
IFITM2,15.129768,1.048561,1.0305693464689701e-51,8.521262641278678e-49,NK Cells,upregulated
MT2A,14.9833765,1.0194556,9.43024356573076e-51,7.426092278404266e-48,NK Cells,upregulated
STAT1,14.856545,1.7306093,6.309567092305498e-50,4.742786863884364e-47,NK Cells,upregulated
IFIT2,14.6717415,2.652412,9.780269958241126e-49,7.03201409997537e-46,NK Cells,upregulated
IRF7,14.238786,1.742824,5.263333291870209e-46,3.626655943652402e-43,NK Cells,upregulated
RSAD2,13.806353,2.834104,2.333517968281149e-43,1.5435754656586145e-40,NK Cells,upregulated
PARP14,13.790407,1.4002292,2.9111361662376143e-43,1.851594568502747e-40,NK Cells,upregulated
IFI35,13.509163,1.6779004,1.3808210130223606e-41,8.457272997166955e-39,NK Cells,upregulated
EPSTI1,13.426255,1.8884803,4.243351575401736e-41,2.506153750086375e-38,NK Cells,upregulated
IRF9,12.828802,1.1697358,1.1309917542080494e-37,6.449382979082245e-35,NK Cells,upregulated
OAS1,12.425621,2.6757145,1.8974629174056757e-35,1.012204653714118e-32,NK Cells,upregulated
PLSCR1,12.202533,1.9097258,3.013040198008118e-34,1.5098983561957652e-31,NK Cells,upregulated
SP110,12.179609,1.0643501,3.991911180110789e-34,1.941595152514474e-31,NK Cells,upregulated
OASL,11.014085,1.4993067,3.2684288990948304e-28,1.5013891306758668e-25,NK Cells,upregulated
OAS3,10.925187,3.2073777,8.736013502784198e-28,3.9045258187984404e-25,NK Cells,upregulated
TYMP,10.866054,1.1685005,1.672811472387055e-27,7.279811399701245e-25,NK Cells,upregulated
IFITM1,10.291301,1.2728449,7.712696275874322e-25,3.188621457853341e-22,NK Cells,upregulated
IFI44,10.005441,2.4255905,1.4424770337513505e-23,5.679581596939544e-21,NK Cells,upregulated
SHFL,9.8237,1.1384717,8.901508269643761e-23,3.4233544710488114e-20,NK Cells,upregulated
CD38,9.73159,1.1503048,2.211088207776124e-22,8.310174020907672e-20,NK Cells,upregulated
PARP9,9.678626,1.635854,3.7167596135120593e-22,1.3658678606366426e-19,NK Cells,upregulated
UBE2L6,9.566625,1.0192022,1.1045288161385546e-21,3.886296389890059e-19,NK Cells,upregulated
OAS2,9.373853,1.6893194,6.993218459171807e-21,2.2675853658691012e-18,NK Cells,upregulated
TNFSF10,9.363726,1.7654077,7.697340317838566e-21,2.447902246848007e-18,NK Cells,upregulated
PPM1K,8.879488,1.2033982,6.71690510293709e-19,2.0195901761321937e-16,NK Cells,upregulated
ZBP1,8.133249,1.1382852,4.1793532934875173e-16,1.1916200933517771e-13,NK Cells,upregulated
TMEM123,7.7848616,1.2755439,6.978955759466521e-15,1.8614676031338363e-12,NK Cells,upregulated
DDX58,7.722462,1.5954826,1.141036749911312e-14,2.995130910044979e-12,NK Cells,upregulated
LAP3,7.684327,1.2662312,1.538033278378782e-14,3.974133800710925e-12,NK Cells,upregulated
DDX60L,7.673881,1.6456698,1.6686884229715894e-14,4.2454000693355654e-12,NK Cells,upregulated
LGALS9,6.5861907,2.222133,4.512542535031355e-11,1.0222454233125137e-08,NK Cells,upregulated
HERC6,6.442585,1.9293146,1.1745551704850576e-10,2.4586859309254934e-08,NK Cells,upregulated
USP18,6.433171,2.5237637,1.249690149307072e-10,2.583265749886381e-08,NK Cells,upregulated
HELZ2,6.3914294,1.4263159,1.643420351985277e-10,3.3552151062692005e-08,NK Cells,upregulated
PNPT1,6.226443,1.8579966,4.771449419667412e-10,9.282995182710587e-08,NK Cells,upregulated
DTX3L,6.223592,1.5000423,4.859004307337151e-10,9.34341328260866e-08,NK Cells,upregulated
APOL6,6.123855,1.0143799,9.133803514292045e-10,1.7361575714465235e-07,NK Cells,upregulated
NT5C3A,6.0681787,1.1137787,1.293690423639356e-09,2.4037930939015764e-07,NK Cells,upregulated
STAT2,6.0613174,1.711748,1.3501111738596628e-09,2.480754275790805e-07,NK Cells,upregulated
CMPK2,6.051084,2.9125533,1.4387426162153472e-09,2.5861398526470866e-07,NK Cells,upregulated
IFIH1,6.029235,1.6783396,1.6473778029413733e-09,2.929321153466827e-07,NK Cells,upregulated
HSH2D,5.9312,1.0736948,3.0072855534680855e-09,5.023381939161791e-07,NK Cells,upregulated
NMI,5.909553,1.033071,3.430376745934085e-09,5.616647549258611e-07,NK Cells,upregulated
GBP1,5.729482,1.261798,1.007377851591754e-08,1.5865721458831272e-06,NK Cells,upregulated
PALM2-AKAP2,5.6245437,2.4456437,1.8599918396212848e-08,2.9017627407374703e-06,NK Cells,upregulated
DDX60,5.5717497,1.25779,2.5219341611670915e-08,3.861594928075944e-06,NK Cells,upregulated
IFIT5,4.422213,1.6580987,9.769494912863434e-06,0.001084282801167937,NK Cells,upregulated
SPATS2L,4.215219,2.1755192,2.495358697394448e-05,0.0026452401781289735,NK Cells,upregulated
RTP4,3.9872158,1.4930096,6.685320046490948e-05,0.006390470382012763,NK Cells,upregulated
XAF1,5.344919,1.179536,9.045739980802298e-08,0.0004986313402084254,CD4+ Treg Cells,upregulated
IL2RA,-6.3104224,-1.3588704,2.7827492867742666e-10,4.601832495538605e-06,CD4+ Treg Cells,downregulated
MX1,5.3486037,2.245499,8.863546673536148e-08,0.0007328823567013365,Dendritic Cells,upregulated
ISG20,4.8660226,1.494709,1.1386640850716864e-06,0.00470752199370762,Dendritic Cells,upregulated
TNFRSF4,-4.9062376,-1.2358279,9.283994258405286e-07,0.00470752199370762,Dendritic Cells,downregulated
CYP1B1,-5.7656913,-2.3561778,8.132384564544686e-09,0.00013448524354387547,Dendritic Cells,downregulated
IFI6,13.06818,2.035925,5.004829308724625e-39,8.276486227837913e-35,CD16+ Monocytes,upregulated
MX2,12.192063,2.5831063,3.4263382498252175e-34,2.833067781867981e-30,CD16+ Monocytes,upregulated
ISG15,11.787218,2.5307739,4.5429893842460436e-32,2.504247181575894e-28,CD16+ Monocytes,upregulated
LY6E,11.328394,2.0624757,9.492954033829798e-30,3.9246245214360843e-26,CD16+ Monocytes,upregulated
XAF1,10.533246,1.8888516,6.07044526724273e-26,2.0077390676878602e-22,CD16+ Monocytes,upregulated
MX1,10.405199,2.808522,2.347652459882699e-25,6.470521454846698e-22,CD16+ Monocytes,upregulated
IFITM3,9.873539,2.1544185,5.421712865978956e-23,1.2808409380670571e-19,CD16+ Monocytes,upregulated
IFIT3,9.698415,2.6352139,3.0622022337318e-22,6.329954792402847e-19,CD16+ Monocytes,upregulated
APOBEC3A,9.147406,2.760591,5.831702192605638e-20,9.9607833669284e-17,CD16+ Monocytes,upregulated
EIF2AK2,8.921876,1.992987,4.584563255469931e-19,6.31791021297552e-16,CD16+ Monocytes,upregulated
IFIT1,8.581116,4.037108,9.395734124832222e-18,1.195209655556542e-14,CD16+ Monocytes,upregulated
IFITM2,8.196975,1.6146207,2.4651188930822055e-16,2.911833652492888e-13,CD16+ Monocytes,upregulated
ADA2,8.128576,1.4259348,4.343613190970204e-16,4.651950394935914e-13,CD16+ Monocytes,upregulated
OAS3,8.124263,2.1266737,4.500889297875952e-16,4.651950394935914e-13,CD16+ Monocytes,upregulated
OAS2,7.481194,2.464805,7.365045225069027e-14,4.684452034114096e-11,CD16+ Monocytes,upregulated
IFI44L,7.4309115,3.361298,1.0785169819089552e-13,6.381680244891374e-11,CD16+ Monocytes,upregulated
TNFSF10,7.373975,2.2413585,1.6561479917650091e-13,9.129239779939318e-11,CD16+ Monocytes,upregulated
IFIT2,7.319256,3.0715516,2.493499535240924e-13,1.3301613488477149e-10,CD16+ Monocytes,upregulated
SP110,7.3089037,1.2038957,2.693309790820757e-13,1.3918520003375895e-10,CD16+ Monocytes,upregulated
OAS1,7.182089,1.4210536,6.865418169796567e-13,3.44040667496745e-10,CD16+ Monocytes,upregulated
EPSTI1,7.115909,1.4450233,1.1117773830418871e-12,5.407488995106967e-10,CD16+ Monocytes,upregulated
HERC5,6.978126,2.5880995,2.9914343853914415e-12,1.3741486230893962e-09,CD16+ Monocytes,upregulated
SAMD9,6.825431,1.2059447,8.766178038072834e-12,3.814902268831854e-09,CD16+ Monocytes,upregulated
RSAD2,6.4444942,3.0145245,1.1598641639227378e-10,4.169711669302242e-08,CD16+ Monocytes,upregulated
DDX58,6.2417636,2.0544806,4.3266422367687455e-10,1.4906183889467655e-07,CD16+ Monocytes,upregulated
IRF7,6.1736116,1.1073315,6.674735830672741e-10,2.1643158123889239e-07,CD16+ Monocytes,upregulated
IFI35,5.8830104,1.1622629,4.028703740844689e-09,1.092174979710633e-06,CD16+ Monocytes,upregulated
LMO2,5.8420944,1.0061945,5.154850750046784e-09,1.37493172344393e-06,CD16+ Monocytes,upregulated
ADGRE1,5.763344,1.2676536,8.2463510358745e-09,2.1307797981290097e-06,CD16+ Monocytes,upregulated
SLFN5,5.668079,1.2743928,1.4440739469760146e-08,3.460963892919182e-06,CD16+ Monocytes,upregulated
OASL,5.341245,2.3501854,9.231036100820895e-08,1.9323246075857612e-05,CD16+ Monocytes,upregulated
PARP9,5.087123,1.0071042,3.6353593161511977e-07,6.910107702435903e-05,CD16+ Monocytes,upregulated
IFI44,4.9378786,2.1694791,7.897690658952409e-07,0.00014026327764644366,CD16+ Monocytes,upregulated
DTX3L,4.9301147,1.212358,8.218138242855113e-07,0.00014305616012852106,CD16+ Monocytes,upregulated
IFIH1,4.8880897,1.2292966,1.0181919049158378e-06,0.0001735859745525073,CD16+ Monocytes,upregulated
TRIM22,4.6540556,1.1543008,3.2546864255240438e-06,0.0004983587909156584,CD16+ Monocytes,upregulated
HES4,4.514301,2.0368197,6.352592821416364e-06,0.0008978874144253198,CD16+ Monocytes,upregulated
SPATS2L,4.3904443,1.293277,1.1311929270913886e-05,0.0015208567020577473,CD16+ Monocytes,upregulated
MNDA,4.388349,1.0351363,1.1421428418910502e-05,0.0015231948529316368,CD16+ Monocytes,upregulated
MSR1,4.2505665,2.0571644,2.132307239677644e-05,0.0026512755505676087,CD16+ Monocytes,upregulated
HRH2,4.0505466,1.2759204,5.109807079575316e-05,0.0055960847466845695,CD16+ Monocytes,upregulated
ISG20,3.9514616,1.1502941,7.767537460862402e-05,0.008015436267197036,CD16+ Monocytes,upregulated
DUSP4,-4.067431,-1.1849018,4.753431077053829e-05,0.005240499314749278,CD16+ Monocytes,downregulated
RGCC,-4.0891213,-1.0342288,4.3301062758733734e-05,0.004805836743900535,CD16+ Monocytes,downregulated
CYTOR,-4.143347,-1.1267415,3.42273438338696e-05,0.00401430911333831,CD16+ Monocytes,downregulated
SEMA6B,-4.2627673,-1.0680426,2.0191093760772577e-05,0.0025295463448628494,CD16+ Monocytes,downregulated
SLC7A11,-4.419899,-1.0454302,9.874714085592251e-06,0.0013608178902786588,CD16+ Monocytes,downregulated
TIPARP,-4.982985,-1.4113109,6.261086494444713e-07,0.00011377976632816727,CD16+ Monocytes,downregulated
FBP1,-5.4166684,-1.2935095,6.071984077733808e-08,1.3040571518634283e-05,CD16+ Monocytes,downregulated
GSN,-6.071199,-1.0306282,1.2695890263942062e-09,3.749141737407319e-07,CD16+ Monocytes,downregulated
HMG20B,-6.1201253,-1.2246345,9.350180667321056e-10,2.8634062536201537e-07,CD16+ Monocytes,downregulated
INSIG1,-6.2289467,-1.136152,4.695815206395706e-10,1.5530939213633156e-07,CD16+ Monocytes,downregulated
LMNA,-6.518562,-1.3294531,7.098461275361064e-11,2.667892138878316e-08,CD16+ Monocytes,downregulated
INHBA,-7.5532894,-1.4916407,4.244000220333546e-14,2.924292985152327e-11,CD16+ Monocytes,downregulated
CYP1B1,-9.142599,-2.388995,6.096878964345135e-20,9.9607833669284e-17,CD16+ Monocytes,downregulated
