Gene,LogFC,Adjusted_PValue,Regulation
HAVCR2,4.961784,0.0,Upregulated
IFIT3,4.745559,0.0,Upregulated
CCL3,4.1597023,0.0,Upregulated
IFI6,3.8357964,0.0,Upregulated
GZMB,3.7138972,0.0,Upregulated
ISG15,3.3682933,0.0,Upregulated
HOPX,3.2336044,0.0,Upregulated
ISG20,3.0566785,0.0,Upregulated
PRF1,2.96111,0.0,Upregulated
LY6E,2.43698,0.0,Upregulated
MX1,3.4624078,2.3016533547672916e-299,Upregulated
HSPA5,2.9232328,6.5375355784717565e-282,Upregulated
IFI44L,3.567236,1.1510359179359699e-270,Upregulated
WARS,3.9469192,5.0409471595119326e-263,Upregulated
PSME2,2.3378272,4.2127958302792535e-260,Upregulated
CCL4,3.2894592,4.710970641777488e-259,Upregulated
CALR,2.6133182,7.483291430180496e-259,Upregulated
BST2,2.319256,3.459696184933131e-256,Upregulated
HSP90B1,2.507142,1.2712530810194131e-253,Upregulated
CXCR4,-3.186087,2.8886786261990884e-247,Downregulated
BTG1,-1.565965,1.7339971893095878e-242,Downregulated
FGFBP2,-5.2001467,4.074288150462432e-242,Downregulated
CCND2,3.2324393,2.4865756213657936e-240,Upregulated
PPIB,2.2305872,7.867774946556262e-238,Upregulated
RPS3,-1.0462533,7.347876979562823e-235,Downregulated
TYMP,2.7699273,3.2044406080442286e-231,Upregulated
GNLY,1.3373294,3.4445602974395657e-223,Upregulated
CYBA,-1.6750485,2.8221271732663036e-220,Downregulated
STAT1,2.8763764,3.1628620590345075e-219,Upregulated
PDIA3,2.0867338,2.3170934785735825e-218,Upregulated
HSP90AA1,1.5415338,2.0797274578086124e-215,Upregulated
HSP90AB1,2.1138227,2.6193223519522053e-214,Upregulated
SEC61B,2.1972356,9.049148827592277e-213,Upregulated
XBP1,3.333702,1.513810579220428e-211,Upregulated
YPEL3,-2.478192,2.8689568891469625e-208,Downregulated
SSR4,2.108785,2.748153197699369e-206,Upregulated
PDIA6,2.6452925,1.121080878331979e-195,Upregulated
GBP1,3.661475,1.0564591312068109e-194,Upregulated
GZMA,1.930876,3.047382052278714e-184,Upregulated
ACTB,1.2195412,1.0164767742335017e-183,Upregulated
IFI35,2.702943,5.195699232223915e-181,Upregulated
PLSCR1,3.0815997,1.372437124704256e-176,Upregulated
EPSTI1,2.933068,1.153396232548439e-170,Upregulated
SDF2L1,2.997459,5.31631392979507e-168,Upregulated
PSMB9,1.4983786,3.1294935163778076e-167,Upregulated
GBP5,2.5699627,1.489464282891122e-164,Upregulated
XAF1,1.9677541,5.010113021125745e-163,Upregulated
SEC61G,2.2906015,1.8336334985057085e-161,Upregulated
TUBA1B,2.3041482,5.69432191128967e-159,Upregulated
APOL6,2.7950327,1.2530847009974997e-153,Upregulated
CLIC3,-1.5830644,3.28015308753181e-153,Downregulated
CD38,2.3656936,4.1949228073224837e-153,Upregulated
APOBEC3G,1.5014666,2.2771604769791721e-150,Upregulated
IVNS1ABP,2.7241852,2.932212491642598e-149,Upregulated
GBP2,2.1590226,5.256646674524468e-149,Upregulated
ID2,2.2627497,9.852803503236753e-149,Upregulated
TYROBP,-1.2402526,4.061050400501449e-147,Downregulated
MYDGF,2.6345944,5.0308534423799434e-145,Upregulated
IGFBP7,3.1977618,2.780412878032638e-144,Upregulated
ACTG1,1.2313206,1.7505896637324212e-143,Upregulated
ARPC5L,2.0279608,6.07078910796287e-143,Upregulated
HSPA8,1.9102025,7.465752526355443e-141,Upregulated
SEC11C,2.4325938,1.6420251309441266e-139,Upregulated
FKBP11,2.4064429,8.190663396007119e-136,Upregulated
TNFSF10,3.1318614,1.8378031332436773e-135,Upregulated
IRF7,2.4169865,1.0253240014408505e-134,Upregulated
FLOT1,2.6065388,1.1379983645083762e-134,Upregulated
PARP14,2.12351,4.827381680617008e-134,Upregulated
TAP1,2.2815714,3.0593028049696004e-130,Upregulated
GBP4,2.2240798,2.1326235139020785e-129,Upregulated
MXD4,-2.4781718,4.820150881030394e-128,Downregulated
EIF2AK2,2.1681874,7.51348097361836e-128,Upregulated
SPCS2,1.7558615,1.3133612991093562e-126,Upregulated
SAMD9L,2.0114992,5.092165967502322e-124,Upregulated
KLRB1,-1.8487338,2.061332208481606e-123,Downregulated
IFITM3,2.596063,1.5885862320433874e-121,Upregulated
TNFRSF18,2.57207,2.0731795051840893e-120,Upregulated
PSMB8,1.7439364,3.9637295476712475e-118,Upregulated
LSP1,-1.6530657,2.6985408299991065e-115,Downregulated
BHLHE40,2.333583,1.9557421601787475e-110,Upregulated
MANF,2.4346309,4.386637441720616e-110,Upregulated
AC004687.1,-1.2401326,6.117392766839444e-110,Downregulated
PKM,2.22513,1.0726661562861616e-108,Upregulated
TNFRSF9,5.782195,2.951215137379542e-108,Upregulated
ITM2B,-1.026268,9.680332795536849e-108,Downregulated
HIF1A,1.8437096,4.0738049891350654e-106,Upregulated
CDK6,4.053169,9.83580523923504e-106,Upregulated
NME2,1.9017363,4.064629788588593e-105,Upregulated
CYTIP,1.9028693,8.901946069110145e-105,Upregulated
CD48,1.923879,1.9857557559446764e-104,Upregulated
HAPLN3,4.9839916,3.1820067359390825e-104,Upregulated
IL2RA,3.5888782,3.5038623087190004e-103,Upregulated
TPM4,3.1341016,1.2823585772427332e-102,Upregulated
MYL12A,1.3520397,9.962515443306774e-102,Upregulated
GNG5,1.6709605,3.27416317422137e-101,Upregulated
FCER1G,1.4391205,6.433731059493657e-101,Upregulated
KLRC1,1.9696845,3.791930990842935e-98,Upregulated
GNPTAB,1.7522445,8.434674272506553e-98,Upregulated
ENO1,1.5874314,1.131877511712422e-97,Upregulated
TMED9,1.8750422,1.4251854080182639e-97,Upregulated
P4HB,1.9829415,8.075778860149029e-96,Upregulated
S100A11,1.5361506,1.111092439741483e-94,Upregulated
VMP1,2.6174083,4.804661199281438e-93,Upregulated
SARAF,-1.1833613,1.0207047664307162e-92,Downregulated
CISH,3.9827678,2.1299475345209034e-92,Upregulated
UPP1,1.8506919,2.8231318642566505e-92,Upregulated
LAP3,2.336547,1.6128741955497846e-90,Upregulated
MX2,2.5828526,2.136137173863202e-90,Upregulated
POMP,1.4551747,1.9049020628843618e-89,Upregulated
CD69,1.675002,1.5040367955331893e-86,Upregulated
STAT3,1.7953094,1.8448365803945813e-85,Upregulated
LMAN1,2.2229202,2.6809297943682673e-85,Upregulated
CDK2AP2,1.9033947,1.1489021875378896e-84,Upregulated
HM13,2.361076,1.6217327508492876e-84,Upregulated
SP100,1.4602264,3.283347882465166e-84,Upregulated
IFIT2,2.8675604,4.517510883676269e-84,Upregulated
SELENOS,1.918734,7.756598480317755e-83,Upregulated
RNF213,1.2723984,1.7307520821264617e-82,Upregulated
OAS2,2.470286,2.037330967415291e-82,Upregulated
OASL,2.0336676,3.5025459797009624e-82,Upregulated
SLAMF7,2.3013916,9.631855735151864e-82,Upregulated
ARHGDIB,-1.002994,2.7555530007221755e-81,Downregulated
DNAJA1,1.6924511,3.9631831957467666e-81,Upregulated
PLAAT4,-1.0302236,1.5111637536389498e-80,Downregulated
PARK7,1.3990358,4.520641922418926e-80,Upregulated
LINC01871,2.341186,5.6986697948248424e-80,Upregulated
NFIL3,3.370933,3.0641999527144353e-79,Upregulated
RSAD2,3.06183,4.943134401713186e-79,Upregulated
FAM3C,3.26094,5.221746716552476e-79,Upregulated
FEZ1,3.9296753,1.7199816746593533e-78,Upregulated
CANX,1.7788634,5.725250261842718e-78,Upregulated
LBH,-1.7083308,2.978306282832668e-77,Downregulated
NFKBIA,1.2264879,4.993471645858681e-77,Upregulated
HERC5,2.7128472,5.3671875344505324e-77,Upregulated
CTSC,1.5890146,7.478117890930246e-77,Upregulated
SOCS1,3.0312293,6.77471540207186e-75,Upregulated
MIF,1.1825064,1.4480691175297824e-74,Upregulated
GZMM,-1.8845729,1.967333099525386e-74,Downregulated
BZW1,1.3997223,1.163723452054936e-73,Upregulated
IGFLR1,1.9183086,3.110636794700415e-73,Upregulated
PNRC1,-1.0453582,5.696037916947148e-73,Downregulated
KDELR2,1.9255418,6.937798039529264e-73,Upregulated
EIF4A1,1.2584693,1.0105398038470036e-72,Upregulated
PSMA6,1.4759898,1.851712846618768e-72,Upregulated
KLRD1,1.1066656,3.119058619827791e-72,Upregulated
PARP9,2.2143557,3.215109550250918e-72,Upregulated
PSMA7,1.2104675,1.2454368665387143e-71,Upregulated
SERBP1,1.3299596,3.000366393115126e-71,Upregulated
IFI16,1.2540085,4.427539759964437e-71,Upregulated
P2RX5,3.946012,1.7878301353455903e-70,Upregulated
OAS1,2.9202013,3.056248557621639e-70,Upregulated
LCP2,1.8701476,4.7167114875964764e-70,Upregulated
OSTC,1.8621017,7.667970060364984e-70,Upregulated
CFLAR,1.2847519,1.2725259482388888e-69,Upregulated
CYCS,1.575442,1.91439907921341e-69,Upregulated
HCST,-1.2692627,4.983007765469439e-69,Downregulated
PDCD4,-1.731769,8.036159072374061e-69,Downregulated
CD164,1.5483717,1.0583081944332519e-67,Upregulated
UBE2L6,1.5527444,1.2445106524151318e-67,Upregulated
ARL4C,-1.079301,5.695240007859697e-67,Downregulated
SLC3A2,1.6227151,1.327535432064872e-66,Upregulated
DDX21,2.0842016,3.188127460110012e-66,Upregulated
PRDM1,2.983199,2.329688935910035e-65,Upregulated
ATM,-1.9515566,4.707068998333403e-65,Downregulated
DTX3L,2.5507395,2.0968165949959388e-64,Upregulated
EIF5A,1.4220346,1.380634049099806e-62,Upregulated
STK17A,-1.0134655,3.459059861134293e-62,Downregulated
SPCS3,1.6639645,1.4388646761338662e-61,Upregulated
FURIN,2.0726728,2.665122591230299e-61,Upregulated
DRAP1,1.1648722,2.6722961424006927e-61,Upregulated
YWHAQ,1.5495917,5.547240583603559e-61,Upregulated
SNX10,2.8046126,9.329045279689099e-61,Upregulated
IL2RB,1.2473047,4.0018660508051416e-60,Upregulated
TMEM258,1.4188907,5.190854890889484e-60,Upregulated
CREM,1.6689317,6.426838568001523e-60,Upregulated
TUBB,1.6723361,2.74445527128347e-59,Upregulated
EPB41,-1.8193438,3.3202818666538072e-59,Downregulated
SOCS2,6.161091,7.727353498044476e-59,Upregulated
TRAM1,1.8106623,1.5033279055770222e-58,Upregulated
CD226,2.5041301,1.858848668948328e-58,Upregulated
LPIN2,1.6238964,3.80650539550098e-58,Upregulated
RBM3,1.5538777,3.923160180655632e-58,Upregulated
SORL1,-1.8877537,4.662366776008592e-58,Downregulated
PSMA4,1.4360375,1.0662257845017936e-57,Upregulated
STIP1,2.1267393,1.0956600842545979e-57,Upregulated
PIK3R1,-1.3745894,1.1715178309922152e-57,Downregulated
SNRPB,1.3375906,1.3751152894460204e-56,Upregulated
PSMB3,1.3529905,1.4154903692703464e-56,Upregulated
CEBPB,2.3545325,1.417942313423265e-56,Upregulated
IRF9,1.3454237,1.878204089437974e-56,Upregulated
EIF3A,1.5017091,2.1987589757731288e-56,Upregulated
SP110,1.3055348,2.518667529720037e-56,Upregulated
RALA,1.7736214,4.779517645871887e-56,Upregulated
IGF2R,2.0424075,8.330977314840329e-56,Upregulated
XRN1,1.496482,1.2698060991673432e-55,Upregulated
BATF,2.593722,1.5449520003321672e-55,Upregulated
PSMA2,1.3396738,3.2196861021873866e-55,Upregulated
PTPN6,2.5517852,4.683221615176338e-55,Upregulated
SNRPG,1.4292145,6.0730183397631014e-55,Upregulated
EIF2S2,1.3947116,6.261678421124419e-55,Upregulated
AOAH,-1.6820132,1.0344659856122405e-54,Downregulated
IFITM2,1.1038791,3.924040001048827e-54,Upregulated
OST4,1.2013291,5.842100719560147e-54,Upregulated
IER3,1.6738949,6.394024666735516e-54,Upregulated
DNAJB11,2.2346945,9.766176597086968e-54,Upregulated
KRTCAP2,1.2468606,2.3200005472220164e-53,Upregulated
SERPINB1,1.5141194,4.800614254530759e-53,Upregulated
BCL7C,1.5567166,9.088542291388156e-53,Upregulated
RBPJ,1.3770567,2.2539575495921234e-52,Upregulated
TRIM22,1.4979168,5.747300366980538e-52,Upregulated
SAMSN1,1.2986969,6.082955430228968e-52,Upregulated
TPM3,1.0392567,1.2442247996367141e-51,Upregulated
IFI44,2.7061062,3.3702187566964676e-51,Upregulated
DNAJC3,1.7930977,7.067521690450164e-51,Upregulated
IFNG,4.677172,7.854861015620272e-51,Upregulated
NDUFB2,1.2345972,1.0535616536699368e-50,Upregulated
ADAR,1.2275735,1.088423062303929e-50,Upregulated
MYO1F,-1.6628736,1.2465617376480777e-50,Downregulated
MTHFD2,2.8301568,1.7258869684999697e-50,Upregulated
EIF3J,1.5856868,1.9519431986919456e-50,Upregulated
CCT6A,1.5780646,2.3355714644555075e-50,Upregulated
COX17,1.5331498,2.4523342807516066e-50,Upregulated
OAS3,3.3473148,3.132079769225781e-50,Upregulated
NCOA3,2.08318,6.131119423249076e-50,Upregulated
HNRNPAB,1.5279994,8.791229556983465e-50,Upregulated
PRMT2,-1.1414952,1.0454704904597925e-49,Downregulated
MLEC,1.7287358,2.3747652741730487e-49,Upregulated
HSPD1,1.607831,3.190831658775355e-49,Upregulated
PTPN1,1.7608316,6.0670658997659e-49,Upregulated
FOXP1,-1.2703891,7.257385595224342e-49,Downregulated
SUB1,1.0538752,7.448437711544245e-49,Upregulated
RPN2,1.6646242,7.562886848798415e-49,Upregulated
NDFIP2,3.8900385,1.0988955083950517e-48,Upregulated
FASLG,1.9772766,1.106237347470048e-48,Upregulated
CRELD2,2.4905553,1.566133026912274e-48,Upregulated
IFIT1,2.9299402,3.1254910664720586e-48,Upregulated
GSTP1,1.1272473,5.1855364928919764e-48,Upregulated
IKZF3,1.4051523,5.688982304220817e-48,Upregulated
PDIA4,2.2279487,1.5674439554809971e-47,Upregulated
PPM1K,1.5867913,4.503243903503945e-47,Upregulated
TUBB4B,1.6434855,5.513212671602815e-47,Upregulated
CD53,1.2375942,7.855228505799164e-47,Upregulated
PHF11,1.5156618,9.876743327266012e-47,Upregulated
PRKCQ-AS1,2.0468135,2.3533834173492914e-46,Upregulated
SSR2,1.1511499,3.759082249716276e-46,Upregulated
NFKB1,1.4933815,5.369321336401586e-46,Upregulated
TMED10,1.3222159,9.969767812248413e-46,Upregulated
EIF5B,1.3363909,1.0225059236772782e-45,Upregulated
COX7B,1.2112976,1.2280735009210894e-45,Upregulated
SELENOK,1.2254732,1.2828588756422723e-45,Upregulated
RRBP1,1.8919036,1.724970735428207e-45,Upregulated
ARF6,1.2354865,3.563405519315472e-45,Upregulated
BPGM,2.2900586,3.9213504941980553e-45,Upregulated
COPE,1.1851748,4.1130196158831453e-45,Upregulated
FNDC3B,2.4534295,4.737654261987327e-45,Upregulated
PMF1,1.8504382,6.343702544551626e-45,Upregulated
LAPTM5,-1.3127708,1.5435975747127053e-44,Downregulated
CDV3,1.2680637,1.9756046924219037e-44,Upregulated
POLR2L,1.2495269,1.4604607330042838e-43,Upregulated
PPP2R5C,-1.2354268,1.8508237000666386e-43,Downregulated
APOBEC3C,1.323822,1.9709963870549704e-43,Upregulated
PIK3IP1,-2.3068664,3.4282921648660865e-43,Downregulated
CHMP5,1.6573132,4.218072998635176e-43,Upregulated
TMBIM6,1.0310209,3.463466203727412e-42,Upregulated
MBP,-1.0130218,4.278546443574746e-42,Downregulated
C17orf49,1.2133532,5.342886278920836e-42,Upregulated
SEMA4D,1.6423763,6.24531123456529e-42,Upregulated
LRRFIP1,1.1867387,1.2832519861501272e-41,Upregulated
DAD1,1.1910993,2.1228774328284438e-41,Upregulated
PSMD8,1.1546649,2.2791210659912085e-41,Upregulated
SSR3,1.7508055,4.2669653592092103e-41,Upregulated
NMI,1.666794,4.854264429291043e-41,Upregulated
CISD3,2.0477436,5.401219576195434e-41,Upregulated
SLC27A2,5.8683734,1.1579671004685188e-40,Upregulated
CCT3,1.299999,1.7575365211018544e-40,Upregulated
C1orf21,-1.3626984,2.0366512521436413e-40,Downregulated
GZMH,1.2255973,2.8646188974341095e-40,Upregulated
SNRPD1,1.4056088,6.9033974961474415e-40,Upregulated
RAN,1.0961424,1.010707311731377e-39,Upregulated
UBE2V1,1.2624289,1.1272002756482915e-39,Upregulated
RBCK1,1.2985046,1.835123996934935e-39,Upregulated
TMEM243,2.0592506,2.1229763401310486e-39,Upregulated
SFPQ,1.2296462,2.4912871349857418e-39,Upregulated
TNFRSF4,2.0918784,3.571585446626722e-39,Upregulated
ARPC1B,1.068704,6.098558158314894e-39,Upregulated
TARS,1.995289,7.492026660115171e-39,Upregulated
ANXA2,1.8055999,7.810356545522935e-39,Upregulated
HSPE1,1.2905582,7.887133149204675e-39,Upregulated
RANBP1,1.3922215,1.0858139763909122e-38,Upregulated
NUDC,1.2653474,1.2313524577555704e-38,Upregulated
SERP1,1.138246,1.528694937333541e-38,Upregulated
SEPTIN6,-1.2923782,2.1609413660448675e-38,Downregulated
PSMA5,1.2328163,2.6235023097697165e-38,Upregulated
KLRF1,-1.4870936,2.68668192565885e-38,Downregulated
SMCHD1,1.1407231,3.183308868277895e-38,Upregulated
RAD21,1.0978748,6.665424570771885e-38,Upregulated
ROMO1,1.5507352,9.147899067589121e-38,Upregulated
PSMA3,1.338125,9.630265018300668e-38,Upregulated
IFIH1,2.3546367,4.1457312023843105e-37,Upregulated
HIPK2,1.4483463,7.0785620230124655e-37,Upregulated
PRELID1,1.0864155,1.0481453210263261e-36,Upregulated
PSMD7,1.2494872,1.3762962804534936e-36,Upregulated
PMAIP1,2.0957212,1.5467677408019024e-36,Upregulated
BANF1,1.2453998,1.8880557672985284e-36,Upregulated
MCTP2,1.3445194,2.276997388371608e-36,Upregulated
TXK,1.2755432,2.6385046697318868e-36,Upregulated
ZBTB20,-2.0274618,3.50102224805502e-36,Downregulated
ARF1,1.0429138,4.1174842296197116e-36,Upregulated
NASP,1.1379303,4.152027700814655e-36,Upregulated
ADGRE5,1.2849438,6.596817495876384e-36,Upregulated
DDX60,1.9404613,6.908493801197286e-36,Upregulated
ZNRF1,2.5711145,8.371672086324713e-36,Upregulated
UBE2F,1.3336309,9.169989778190445e-36,Upregulated
DYNLT1,1.4024229,1.54915714789157e-35,Upregulated
TOP1,1.1872166,1.5594483498196274e-35,Upregulated
FUBP1,1.4887983,1.735235797146815e-35,Upregulated
HYOU1,2.899067,1.8435802864993836e-35,Upregulated
GCHFR,-2.4982374,2.5229345682009305e-35,Downregulated
SPON2,-4.2793164,2.7184034090214605e-35,Downregulated
AUTS2,-2.6787076,7.617420909970379e-35,Downregulated
UBALD2,1.350705,9.305773026304229e-35,Upregulated
CMTM6,1.4506016,9.595857487949889e-35,Upregulated
NOP10,1.14248,1.5201232629837217e-34,Upregulated
PHPT1,1.5897434,2.793638819235269e-34,Upregulated
SAMD9,1.0583087,3.430139876564888e-34,Upregulated
NDUFAB1,1.3432317,4.531242753011851e-34,Upregulated
MLLT6,1.3871895,6.6622953370376875e-34,Upregulated
EIF4G1,1.8795282,7.084461687830184e-34,Upregulated
RSL1D1,1.4710248,7.4764444831386495e-34,Upregulated
TMED2,1.3918595,1.3292292800512135e-33,Upregulated
CD47,1.1830281,2.5372548233091668e-33,Upregulated
DUSP5,4.483666,4.047888893885907e-33,Upregulated
LMO4,1.5635583,4.221908358455426e-33,Upregulated
ATP5MC1,1.3406298,5.838406622106232e-33,Upregulated
SPPL2A,1.2488519,6.673670491155597e-33,Upregulated
NOL7,1.1743712,7.829657152270435e-33,Upregulated
NOP58,1.6009016,9.348636498125995e-33,Upregulated
SURF4,1.5756894,1.4398407602959102e-32,Upregulated
NDUFS6,1.0669887,1.457334959984673e-32,Upregulated
YARS,1.3252199,1.7438670723201565e-32,Upregulated
PYHIN1,-1.0816791,2.7065682294940383e-32,Downregulated
CBLB,1.4316658,3.4099469167003484e-32,Upregulated
DENND10,2.2664678,5.332384900923648e-32,Upregulated
ZFP36L2,-1.3591605,9.393862954773625e-32,Downregulated
TMEM208,1.3843399,1.6876235824479388e-31,Upregulated
FRMD4B,4.9910517,1.7858908158210676e-31,Upregulated
IFITM1,1.2764293,2.0054957366414525e-31,Upregulated
NUCB1,1.4314599,3.6575881989439925e-31,Upregulated
DUSP4,1.8007896,4.247096750219138e-31,Upregulated
ARID5B,1.8582963,4.619352838268477e-31,Upregulated
CCSER2,-1.1148463,6.141762937515489e-31,Downregulated
ARF4,1.6623516,6.296940552718377e-31,Upregulated
MCL1,1.0443842,7.1126678838659005e-31,Upregulated
HNRNPF,1.0514393,7.730101413595911e-31,Upregulated
IL4R,2.301816,1.5600187955964259e-30,Upregulated
CCT4,1.3782858,2.3341829204443965e-30,Upregulated
TGFB1,-1.1222956,2.6192505800774093e-30,Downregulated
H1FX,-1.2690278,7.490568769602438e-30,Downregulated
IL18RAP,2.3914585,8.15793561788703e-30,Upregulated
PIM1,1.5026479,8.32158599241769e-30,Upregulated
ARHGEF3,1.4342844,1.0658163265694324e-29,Upregulated
CNOT6L,-1.3324621,1.1923415583261158e-29,Downregulated
NDUFC2,1.0189685,1.245197328253057e-29,Upregulated
SF3B5,1.0517709,1.6751408047807485e-29,Upregulated
USP18,3.0039856,1.7291345243314865e-29,Upregulated
SUN2,-1.5021667,1.7812000836365795e-29,Downregulated
MAP3K8,1.588509,1.8233263288930216e-29,Upregulated
TAP2,1.7526797,2.43770947006988e-29,Upregulated
TNFAIP8,1.3675786,2.8687549530961473e-29,Upregulated
DDX39A,1.781221,4.635176027966308e-29,Upregulated
N4BP1,1.0367645,4.635176027966308e-29,Upregulated
CCL4L2,2.1505637,5.182594304057257e-29,Upregulated
ATP1B3,1.6460836,5.472331252927837e-29,Upregulated
EPRS,1.370392,7.584428365751865e-29,Upregulated
ARHGAP9,-1.3546237,7.62236781703893e-29,Downregulated
NME1,1.9785383,9.550254445315453e-29,Upregulated
SEPTIN9,-1.7986784,2.165181892959022e-28,Downregulated
JUN,-1.3861257,2.4319025272820695e-28,Downregulated
PTGER2,2.5585678,2.576604618577491e-28,Upregulated
STAT2,2.2766626,2.6815386253327015e-28,Upregulated
DOCK10,1.3796185,3.8084745391901507e-28,Upregulated
CCDC85B,1.0389344,4.4141666409596875e-28,Upregulated
RNF181,1.1364622,4.542849041617412e-28,Upregulated
TRAFD1,2.493245,5.497830136989589e-28,Upregulated
RNF166,-2.1613057,7.938761057231211e-28,Downregulated
PIK3AP1,1.9765613,8.794845159571996e-28,Upregulated
ARHGDIA,1.0809003,1.0542429516364578e-27,Upregulated
ZNF267,1.8634559,1.105766663636245e-27,Upregulated
SLA2,-1.7168387,1.21740507856924e-27,Downregulated
GPR171,2.4993246,3.5526752745706974e-27,Upregulated
CCT5,1.2277633,6.90175851433351e-27,Upregulated
ARID5A,1.1098529,9.80177884620987e-27,Upregulated
TRADD,1.7577722,1.0905911412293139e-26,Upregulated
SLC1A5,3.8936236,1.2371951809056297e-26,Upregulated
MATK,-1.3389503,1.7348223515278238e-26,Downregulated
BCL2,3.5926623,2.267892158815083e-26,Upregulated
ATF4,1.2251217,3.3698370218954786e-26,Upregulated
SEM1,1.0596535,4.173250202149876e-26,Upregulated
VDAC1,1.0397518,5.0182642716079907e-26,Upregulated
FES,3.010844,6.241531196278853e-26,Upregulated
NHP2,1.4588563,6.408793228080412e-26,Upregulated
ZC3H15,1.0483412,6.583687016077889e-26,Upregulated
RAB27A,1.0038618,9.198714477319499e-26,Upregulated
SH2D1B,-1.1933569,1.556778764086496e-25,Downregulated
LINC01943,4.0435276,1.7597733630580178e-25,Upregulated
TAGAP,1.9656526,3.29764149756873e-25,Upregulated
MAP4,1.1296012,3.6417271931005476e-25,Upregulated
CCT2,1.2759842,3.6429366219795396e-25,Upregulated
DERL1,1.3385407,4.301294491011149e-25,Upregulated
LAT2,1.0666426,4.396993447401411e-25,Upregulated
SMAD7,-1.527508,4.9574778826337735e-25,Downregulated
RPN1,1.8404557,8.733446435137714e-25,Upregulated
IDI1,1.161862,9.1488548746721e-25,Upregulated
PDCD5,1.1905212,9.439568628906499e-25,Upregulated
YWHAE,1.3137784,9.513089522440264e-25,Upregulated
SRP72,1.1049867,1.2495952611816692e-24,Upregulated
ILF2,1.2329326,1.429636794657945e-24,Upregulated
PSMA1,1.0055835,1.4919297309160966e-24,Upregulated
HERC6,2.2533076,1.5307048181785214e-24,Upregulated
UFM1,1.3529042,2.1081054105449627e-24,Upregulated
FYB1,-1.1812096,2.1937794523599957e-24,Downregulated
XCL2,2.1581361,2.281284786388339e-24,Upregulated
SYNE1,-1.8640575,2.4225816728449958e-24,Downregulated
TMED5,1.8938074,2.644661621896458e-24,Upregulated
PSMD1,1.4379623,3.579245767277985e-24,Upregulated
HSPH1,2.1867666,3.6077468638217794e-24,Upregulated
WDR1,1.2357537,4.111394727067179e-24,Upregulated
ARCN1,1.3996863,5.614572877174578e-24,Upregulated
PSMC4,1.1744776,8.199311148833629e-24,Upregulated
CCT8,1.1141732,8.490519074370941e-24,Upregulated
PSMC3,1.0991099,8.856771136311549e-24,Upregulated
MRPL52,1.2687132,1.0413760113708245e-23,Upregulated
SNRPE,1.108575,1.4019962273830227e-23,Upregulated
EIF6,1.0288426,1.5586547004401252e-23,Upregulated
CCT7,1.0593153,2.0823445847835456e-23,Upregulated
SATB1,1.279163,2.5044020153944253e-23,Upregulated
SAMHD1,1.171913,2.602906801315569e-23,Upregulated
SIPA1L1,1.6199346,2.713131137581247e-23,Upregulated
MIR155HG,2.3004212,2.83314663726556e-23,Upregulated
BCL11B,-2.0325203,2.953035246209727e-23,Downregulated
ANP32E,1.0126492,4.568503175582134e-23,Upregulated
SP140,1.2836188,5.007425818203436e-23,Upregulated
VCP,1.069209,5.218762776626007e-23,Upregulated
TMEM167A,1.5238072,8.407774094451984e-23,Upregulated
C1QBP,1.1760823,8.874948149161296e-23,Upregulated
GNL3,1.7367871,9.881126931850539e-23,Upregulated
RBM38,-2.2430956,1.2230859431766755e-22,Downregulated
SQLE,2.1021733,1.5041847837805152e-22,Upregulated
SSR1,1.2731496,1.9485435839789946e-22,Upregulated
HDGFL3,2.3158967,1.9622756111864797e-22,Upregulated
ZNFX1,1.8207858,2.2909762416046086e-22,Upregulated
SETBP1,3.2507777,2.3729867964921647e-22,Upregulated
GADD45B,1.0416012,2.89340140051025e-22,Upregulated
PHB,1.1129265,2.966505683574789e-22,Upregulated
LYAR,-1.5636206,3.088234067307317e-22,Downregulated
MICOS13,1.1137332,3.2833007211601363e-22,Upregulated
HSPA9,1.0515369,3.389035136967861e-22,Upregulated
MRPL14,1.2605631,4.821177098065217e-22,Upregulated
HERPUD1,1.1399155,5.499228658012551e-22,Upregulated
SYNCRIP,1.1527543,5.691968719181565e-22,Upregulated
LEPROTL1,-1.2087168,5.949738963105893e-22,Downregulated
SRI,1.0010644,6.564053920736216e-22,Upregulated
GTF3C6,1.1239176,9.35368901649028e-22,Upregulated
LACTB,2.15877,1.0414238396098108e-21,Upregulated
STX11,2.785791,1.181639910385536e-21,Upregulated
CYP51A1,2.2243714,1.3559012151876102e-21,Upregulated
CLEC2D,1.112652,1.3617383699283833e-21,Upregulated
SND1,2.1850004,1.4899736921324411e-21,Upregulated
ADGRG1,-2.3108368,2.074000950891046e-21,Downregulated
GSDMD,1.168329,2.3819107062792034e-21,Upregulated
RAB29,1.3616033,2.680442634465256e-21,Upregulated
DDOST,1.1853411,2.7653861349364223e-21,Upregulated
IER3IP1,1.1867929,3.0424368755745567e-21,Upregulated
SEC31A,1.1662993,5.2094594375891516e-21,Upregulated
SZRD1,1.1542292,5.5303885445713444e-21,Upregulated
DCTPP1,1.8768249,5.5461346962792706e-21,Upregulated
ADRM1,1.0086007,5.598771097397536e-21,Upregulated
COPB1,1.0403638,5.9421571208567395e-21,Upregulated
NOP56,1.2594154,6.167526178137464e-21,Upregulated
SLC35B1,1.820462,6.393756504396808e-21,Upregulated
NAPA,1.0895271,8.810023401876828e-21,Upregulated
SCO2,2.0330882,9.760407240040188e-21,Upregulated
PHLDA1,3.206695,9.958122323156811e-21,Upregulated
ICAM2,1.5317657,1.0804615425210497e-20,Upregulated
LGALS9,2.4115703,1.2937105042084612e-20,Upregulated
IL12RB2,2.6372721,2.3651009830550684e-20,Upregulated
COPZ1,1.0170385,2.401532786945945e-20,Upregulated
YPEL1,-2.1121879,2.583552319735174e-20,Downregulated
AKNA,-1.1590556,3.436008922915827e-20,Downregulated
PLP2,1.0230188,7.331954523490741e-20,Upregulated
PRNP,1.7024643,7.821724075968407e-20,Upregulated
PHF20L1,1.0027581,7.908602949785621e-20,Upregulated
PPA1,1.3186682,8.82361340828022e-20,Upregulated
MIAT,1.8646148,9.948629395531894e-20,Upregulated
ARHGAP26,1.1576514,1.2224111926750184e-19,Upregulated
CYTOR,1.3947668,1.583757509995284e-19,Upregulated
HELZ2,1.5585575,1.7707171015948556e-19,Upregulated
SLC7A5,1.9765652,1.7953649905232381e-19,Upregulated
UBE2N,1.4139894,1.860042571650816e-19,Upregulated
AKR1A1,1.6317701,2.2655859627067686e-19,Upregulated
GIMAP5,1.1385636,3.179597128534584e-19,Upregulated
SRA1,1.3305556,4.901255639607911e-19,Upregulated
G3BP2,1.0084803,5.21238746692651e-19,Upregulated
TUBA1C,1.613958,1.0655907790474638e-18,Upregulated
SPATS2L,2.9039423,1.1539530262104627e-18,Upregulated
GCH1,2.3143482,1.6004952029187026e-18,Upregulated
TANK,1.4397612,1.7601020184689103e-18,Upregulated
ERLEC1,1.0251534,1.783802838055102e-18,Upregulated
PITPNC1,-1.4046248,1.783802838055102e-18,Downregulated
CD55,2.3321872,2.17848891819253e-18,Upregulated
IL15RA,3.3211439,6.584110209546346e-18,Upregulated
AK2,1.6086577,8.965876865166225e-18,Upregulated
DCXR,1.0324947,1.5135416644825146e-17,Upregulated
ORMDL2,1.3529388,1.673764631976608e-17,Upregulated
TIMM8B,1.0420152,1.8156262739747528e-17,Upregulated
SRP54,1.1975795,2.1018991389587656e-17,Upregulated
PSMD2,1.0056628,2.2636510517587108e-17,Upregulated
PTMS,3.0701284,2.3478065144559736e-17,Upregulated
PSMD14,1.2104248,2.4174004522609376e-17,Upregulated
LARS,1.3046596,2.4627490911524133e-17,Upregulated
RGS16,2.0274358,2.633975873842649e-17,Upregulated
S100A4,-1.4709895,3.621534308204119e-17,Downregulated
EIF2S1,1.3887213,3.667550955514013e-17,Upregulated
STOM,1.0182831,4.345605473147261e-17,Upregulated
TNIP2,1.5011327,4.810111915755457e-17,Upregulated
PTPN22,-1.2470518,5.704897404452429e-17,Downregulated
NCS1,3.755507,5.835146498505674e-17,Upregulated
NANS,2.4586947,6.83045378412482e-17,Upregulated
CISD2,1.4411011,6.996230612393477e-17,Upregulated
IL16,-1.5532161,7.285075817319685e-17,Downregulated
FKBP1A,1.1399341,7.45380168723516e-17,Upregulated
TIMM13,1.1386429,9.676361188432929e-17,Upregulated
SLIRP,1.0631615,1.001789912778326e-16,Upregulated
BATF3,3.1000495,1.1120676728872784e-16,Upregulated
ZCCHC2,1.5608736,1.1675602143196706e-16,Upregulated
EBP,1.401537,1.6000407229121812e-16,Upregulated
PLEKHF1,-2.3031359,1.7722859582752217e-16,Downregulated
VASP,1.0028098,1.9402056027351074e-16,Upregulated
HSPA4,1.377451,2.007411476922219e-16,Upregulated
VOPP1,1.3523258,2.154931909481938e-16,Upregulated
TESPA1,2.0919106,2.39378721279151e-16,Upregulated
SARS,1.0266328,3.858382368759425e-16,Upregulated
MRPS12,1.1179899,4.0995691496348153e-16,Upregulated
RHEB,1.2722794,4.3268600158387065e-16,Upregulated
EOMES,1.13109,4.3268600158387065e-16,Upregulated
NUTF2,1.2885852,4.3843307601250326e-16,Upregulated
HSBP1,1.0892863,4.628783048825326e-16,Upregulated
TCP1,1.1316917,4.748230238458546e-16,Upregulated
CCDC167,1.4331226,6.448451580644045e-16,Upregulated
CHST11,1.3428664,7.988890582463596e-16,Upregulated
NARS,1.1654942,1.0073713285625507e-15,Upregulated
TKT,1.1079177,1.02586935452373e-15,Upregulated
MVP,1.5845007,1.0488153148952718e-15,Upregulated
RHOH,1.2712581,2.0256127739629178e-15,Upregulated
TRAF1,2.389976,2.1404956919106313e-15,Upregulated
SEC61A1,1.6686662,2.2300646657054027e-15,Upregulated
DERL2,1.113333,2.2328763235531352e-15,Upregulated
MAD2L2,1.647899,2.327914941495925e-15,Upregulated
EHD4,2.1829948,2.9270583012640098e-15,Upregulated
UBE2Z,1.2708565,3.2921621168396578e-15,Upregulated
CCR1,2.6489582,3.693835069344364e-15,Upregulated
PNPT1,1.8016069,3.693835069344364e-15,Upregulated
SRPRB,2.3174314,4.133686631810192e-15,Upregulated
TXNDC15,1.9023775,4.53687171683883e-15,Upregulated
TMIGD2,-1.6531864,5.452295785224822e-15,Downregulated
USP14,1.2235367,5.8145232402117436e-15,Upregulated
CNDP2,1.449438,5.8580725078604164e-15,Upregulated
TIPRL,1.0870906,8.93295831752777e-15,Upregulated
FABP5,1.2180004,9.605406085756611e-15,Upregulated
PBDC1,1.1510088,1.2385514536850857e-14,Upregulated
RPA3,1.1657197,1.3960709303639708e-14,Upregulated
GTPBP4,1.3366202,1.721616238433768e-14,Upregulated
SYNGR2,1.2707661,1.8350052314960004e-14,Upregulated
CCZ1,1.1007773,1.9813259284156375e-14,Upregulated
MAGOHB,1.6217779,2.212550896147789e-14,Upregulated
COPB2,1.074177,2.3348550753297227e-14,Upregulated
GPATCH4,1.6087537,2.3826758106686604e-14,Upregulated
HK1,2.0042076,2.5680288052635617e-14,Upregulated
SNX9,2.218406,2.6270781886633717e-14,Upregulated
MAGT1,1.6536891,2.67053128774311e-14,Upregulated
CEBPD,-1.0606462,2.7684692810689162e-14,Downregulated
TXNDC17,1.1875975,2.8042131676257206e-14,Upregulated
NRBP1,1.0445653,3.499627708304018e-14,Upregulated
FUNDC2,1.1591309,4.034096332682885e-14,Upregulated
IRF3,-1.1905074,4.079376404464459e-14,Downregulated
COA4,1.2556322,4.5282356445219365e-14,Upregulated
DDX58,1.317112,5.409617545662989e-14,Upregulated
ATP8A1,-1.7855796,5.5365567767006156e-14,Downregulated
LRRC59,1.5369549,5.669928875974619e-14,Upregulated
GLIPR1,-1.6217761,6.091518386310398e-14,Downregulated
AC007278.1,2.341906,6.267213680815149e-14,Upregulated
GNG10,1.2364775,6.711162318890847e-14,Upregulated
GMPPB,2.3127344,8.810428374182664e-14,Upregulated
JAK3,1.4106933,9.214206338092779e-14,Upregulated
CXXC5,-1.535291,1.2730171175153726e-13,Downregulated
SEC13,1.3136157,1.280463362490372e-13,Upregulated
PRKACB,-1.4551135,1.3521297468461448e-13,Downregulated
PRDX4,1.8591838,1.4617467395050306e-13,Upregulated
TMEM126B,1.1511952,2.0551611544048682e-13,Upregulated
SPTY2D1,1.1665198,2.1629323813810967e-13,Upregulated
GLS,1.0410029,2.862601502605702e-13,Upregulated
CMPK2,2.8567042,2.91420087465406e-13,Upregulated
GLRX3,1.2675147,3.0957456837897756e-13,Upregulated
TRG-AS1,-1.7440047,3.9324777021266377e-13,Downregulated
MAPKAPK3,1.8123295,4.826452186286653e-13,Upregulated
PTBP1,1.0046388,5.586892498961146e-13,Upregulated
KARS,1.3774016,6.300299007645941e-13,Upregulated
MRPL3,1.353895,6.327100354493982e-13,Upregulated
NAMPT,1.0060629,6.975814995153033e-13,Upregulated
FGD3,-1.461741,7.17461355531118e-13,Downregulated
SAR1A,1.0489279,7.181370381582625e-13,Upregulated
DNAJC2,1.0345047,7.319414702245079e-13,Upregulated
ERCC1,1.7511361,9.15214352720963e-13,Upregulated
PSMD12,1.1756666,1.1790781886030333e-12,Upregulated
KLHL24,-1.8413918,1.7904906906904233e-12,Downregulated
PRDX3,1.5393422,1.840998259461798e-12,Upregulated
APOL1,1.3262928,2.0453765389539908e-12,Upregulated
TOMM40,1.3307512,2.0662418286826943e-12,Upregulated
MRPL12,1.6115656,2.089572120357763e-12,Upregulated
UQCC2,1.3506866,2.716074345182345e-12,Upregulated
ITGAX,3.0358255,2.728040563449336e-12,Upregulated
NT5C3A,1.0461878,3.3646462517919075e-12,Upregulated
NOLC1,1.2906563,4.254094785460529e-12,Upregulated
CEMIP2,-1.535876,5.535708078209189e-12,Downregulated
ADAP1,1.4767631,5.708764338007277e-12,Upregulated
PBXIP1,-1.7578338,5.768280392364461e-12,Downregulated
CHORDC1,1.4285914,5.822710557769374e-12,Upregulated
GGCT,1.5386628,6.018210337932827e-12,Upregulated
AHNAK,-1.8485276,7.442076228883976e-12,Downregulated
ALYREF,1.1922157,7.527255425467343e-12,Upregulated
ODF3B,1.7618724,8.375105817966605e-12,Upregulated
RGS2,-2.8292103,1.117750074857798e-11,Downregulated
MAT2A,1.6337091,1.1838069549945052e-11,Upregulated
TRGC1,1.1155653,1.2896052082571889e-11,Upregulated
IRF8,2.9942467,1.3519785776377558e-11,Upregulated
GTPBP8,1.6111734,1.3951256543327329e-11,Upregulated
LPGAT1,-1.1190437,1.641772807388943e-11,Downregulated
POLE4,1.3400314,1.7026229290025358e-11,Upregulated
COTL1,1.1784129,1.8309398869888717e-11,Upregulated
LINC00996,-1.9309063,1.844480786853953e-11,Downregulated
WDR43,1.2682201,2.090725941062771e-11,Upregulated
PUM3,1.4194516,2.803264394107875e-11,Upregulated
SLC39A7,1.3279017,2.8361396389109196e-11,Upregulated
FAS,2.6712637,3.0821141784689924e-11,Upregulated
SRRT,1.5431981,3.2370890830536145e-11,Upregulated
IMMT,1.1279678,3.500012457241434e-11,Upregulated
MRPL13,1.0455298,3.9306996176057046e-11,Upregulated
C12orf75,-1.2829231,4.22575325136982e-11,Downregulated
DDX60L,1.2771807,4.4063802962348295e-11,Upregulated
CD52,-1.8710357,5.0034764886263795e-11,Downregulated
TXLNA,1.6638582,5.6790347063746834e-11,Upregulated
MTFP1,1.6887513,5.7027876144091435e-11,Upregulated
TBC1D10C,-1.2484272,6.384829417605578e-11,Downregulated
IL27RA,1.0632776,6.666357217732465e-11,Upregulated
RPF2,1.9830706,8.258891942830179e-11,Upregulated
FAM43A,-2.7080038,8.70895975304702e-11,Downregulated
SPOCK2,-1.0843133,9.321005860174084e-11,Downregulated
CD68,1.3531142,9.397282569864915e-11,Upregulated
TIMM17A,1.3305422,9.675261508117512e-11,Upregulated
LTA,2.1714149,1.0756714704664204e-10,Upregulated
MARS,1.9847263,1.1917774674037354e-10,Upregulated
DPM2,1.1560942,1.1936138706119683e-10,Upregulated
BCL9L,-2.2811313,1.3121584986896098e-10,Downregulated
PPP1R15A,1.0030066,1.4636252465158134e-10,Upregulated
HDLBP,1.0584425,1.649836673724811e-10,Upregulated
ALG5,1.2319503,1.9630451122364796e-10,Upregulated
XIAP,1.090483,2.4713575465036466e-10,Upregulated
CCR7,1.6323948,2.7551747921659284e-10,Upregulated
SELL,1.4023398,2.7561125838702704e-10,Upregulated
PLPP5,1.5078437,3.254544807045054e-10,Upregulated
MGAT2,1.8858632,3.317358805367271e-10,Upregulated
SQOR,1.1567999,3.513786688280206e-10,Upregulated
UTP11,1.207413,3.8822852784471337e-10,Upregulated
BOLA3,1.1986706,5.904938536674524e-10,Upregulated
PAICS,2.3211348,6.119733700671328e-10,Upregulated
RELB,1.2229859,6.266862857717149e-10,Upregulated
PDE4B,1.4768106,6.462143283320777e-10,Upregulated
DIP2A,-1.4362377,6.592869433652997e-10,Downregulated
DNPEP,1.0490631,6.615184184238992e-10,Upregulated
MRPS23,1.1115166,7.446484260091009e-10,Upregulated
AGPAT4,-1.7283217,8.176407587153844e-10,Downregulated
C1GALT1,1.198771,9.392794390955122e-10,Upregulated
ZNF593,1.6332265,1.0898845450339254e-09,Upregulated
CD8A,-1.4073203,1.1085383348969204e-09,Downregulated
ETF1,1.3175602,1.1624207937396017e-09,Upregulated
GCNT1,1.5176603,1.2035747532396221e-09,Upregulated
BCL2L1,1.986451,1.207950044373124e-09,Upregulated
LDLR,2.8773782,1.2918609566912427e-09,Upregulated
MHENCR,-2.690102,1.311076460474607e-09,Downregulated
FBXO6,2.1166306,1.4759367131139942e-09,Upregulated
PSMC2,1.0392206,1.5879107848633022e-09,Upregulated
PLEKHA2,-1.0606343,2.0833388440137253e-09,Downregulated
PAG1,1.3738018,2.0958073285357e-09,Upregulated
ISOC2,1.7131772,2.1013609119836515e-09,Upregulated
CCM2,-1.153793,2.1573929498935433e-09,Downregulated
C4orf48,1.6013258,2.5960063761074477e-09,Upregulated
ENDOD1,1.5812168,2.6436732819563326e-09,Upregulated
IFIT5,1.8033048,2.691096959089296e-09,Upregulated
ABCB1,-2.0012248,3.100602712017321e-09,Downregulated
SHMT2,1.6703926,3.15962415416974e-09,Upregulated
HMGCS1,1.7600927,3.2273440280992214e-09,Upregulated
EIF2A,1.1593426,3.359619987864565e-09,Upregulated
IL1RN,1.6675538,3.5269885370163254e-09,Upregulated
GORASP2,1.4637723,3.762812343519733e-09,Upregulated
HPRT1,1.4933207,3.79313690385327e-09,Upregulated
PSMB5,1.1678615,4.072207941975023e-09,Upregulated
MFAP1,1.1550921,4.805372027420097e-09,Upregulated
RBL2,-1.4658331,4.805372027420097e-09,Downregulated
FOXP4,1.6782851,4.836345592892096e-09,Upregulated
ACP5,1.7134326,5.134670202179073e-09,Upregulated
APEX1,1.0885432,5.4677308668255096e-09,Upregulated
CHSY1,2.0683954,5.480349701450908e-09,Upregulated
DCAF13,1.2106948,5.891138809016566e-09,Upregulated
DPEP2,-3.1828048,6.338525856254104e-09,Downregulated
MCM6,1.7087419,6.436304656621861e-09,Upregulated
TRIM21,1.6691413,6.633916331802682e-09,Upregulated
IARS,1.6305516,7.170907976147058e-09,Upregulated
PMM2,1.8794984,9.811444320037597e-09,Upregulated
HSPA13,2.3514974,1.0129354849799583e-08,Upregulated
CCDC6,1.6064861,1.0632191470075617e-08,Upregulated
IL18R1,1.937523,1.1301390420272931e-08,Upregulated
CEBPG,1.4199107,1.2158188014143472e-08,Upregulated
MSMO1,2.0400004,1.2511655897779698e-08,Upregulated
PPP1R16B,1.0187743,1.278235557193191e-08,Upregulated
MRTO4,1.4679949,1.3193533102162853e-08,Upregulated
SAR1B,1.0298251,1.375441813077217e-08,Upregulated
PDE3B,-1.6647221,1.4344467002322658e-08,Downregulated
EIF4A3,1.04115,1.4770151798922306e-08,Upregulated
CCDC47,1.0804241,1.498291694506519e-08,Upregulated
TWISTNB,1.2951798,1.5124666755979768e-08,Upregulated
SLC38A5,2.373852,1.788790057379454e-08,Upregulated
NXT1,1.0034752,1.7971179516253492e-08,Upregulated
USO1,1.0916077,1.9118262416025904e-08,Upregulated
DNAJB9,1.7915579,1.924799360250938e-08,Upregulated
RDX,1.040557,2.0459194308936547e-08,Upregulated
ARL1,1.371035,2.1827606043632817e-08,Upregulated
DPH3,1.2699355,2.261243179391656e-08,Upregulated
TRIM25,1.7093818,2.312259908163902e-08,Upregulated
SERPINB9,1.2851164,2.3275629132236077e-08,Upregulated
ACAT2,1.1125103,2.5349547966845046e-08,Upregulated
ACTA2,2.2186375,2.628939492006233e-08,Upregulated
ATP8B4,2.4894576,2.6738471216443473e-08,Upregulated
EGR2,4.061831,2.946407910136453e-08,Upregulated
TMX1,1.0291553,3.085461721411046e-08,Upregulated
ASCC3,1.1474605,3.3348360558485844e-08,Upregulated
XCL1,2.2596853,3.371415871296433e-08,Upregulated
TESC,2.5334823,3.60740585175475e-08,Upregulated
ETHE1,1.0995216,4.7480323349546204e-08,Upregulated
DCUN1D5,1.0777552,4.928336077112372e-08,Upregulated
TMEM205,1.1718146,5.541562627744411e-08,Upregulated
TMEM126A,1.0471488,6.701587196529524e-08,Upregulated
IMPDH2,1.2243897,6.743394557239499e-08,Upregulated
ABCE1,1.1074524,7.150979658327839e-08,Upregulated
CDK4,1.3855978,7.224022845481795e-08,Upregulated
GARS,1.3343492,8.148120135680812e-08,Upregulated
CALU,1.3265066,8.450774070320202e-08,Upregulated
NOP14,1.5177708,9.520938089241543e-08,Upregulated
ABTB1,-1.7913641,1.0792107738990755e-07,Downregulated
HELB,1.6189408,1.1304711786683108e-07,Upregulated
CARS,1.4407349,1.242118485686132e-07,Upregulated
RAB5A,1.0463454,1.2569195003980125e-07,Upregulated
RFLNB,1.8608319,1.2758571615327076e-07,Upregulated
DNAJC9,1.0221065,1.358664022068639e-07,Upregulated
TNFSF12,1.0344918,1.4519537888281897e-07,Upregulated
PARP12,1.3248519,1.6727267342907494e-07,Upregulated
TMED3,1.3650279,1.7072052044943824e-07,Upregulated
UHRF1BP1L,1.6550176,1.9513440178684983e-07,Upregulated
SIL1,1.4201541,2.0916930968123815e-07,Upregulated
ARID3B,1.5988934,2.217312646115417e-07,Upregulated
PARP10,1.1940778,2.2425307385301344e-07,Upregulated
CBX5,1.1081312,2.3664671059153588e-07,Upregulated
EHBP1L1,1.3675523,2.378663112130691e-07,Upregulated
ICAM1,2.7130976,2.488267656204323e-07,Upregulated
PIM2,2.023922,2.762990579855346e-07,Upregulated
GMPPA,2.012989,2.8203388727328635e-07,Upregulated
ARL8B,1.1347622,2.9609707968169286e-07,Upregulated
KPNA2,1.6980362,3.088950014702954e-07,Upregulated
PSTPIP2,1.8670578,3.3344614021464623e-07,Upregulated
SERTAD1,1.3023189,3.3848968369966724e-07,Upregulated
HSPA1A,1.3023902,3.697368451713317e-07,Upregulated
CLPTM1L,1.0226289,3.697368451713317e-07,Upregulated
MLLT3,-1.157224,3.957941295492344e-07,Downregulated
KIAA0040,1.5292104,4.2141399742155745e-07,Upregulated
UBE2J1,1.037515,4.2141399742155745e-07,Upregulated
TSC22D3,-1.3471519,4.346899229540123e-07,Downregulated
COPS3,1.0100634,4.5341977828179196e-07,Upregulated
PTGDS,2.5938265,4.948623711704651e-07,Upregulated
ATP2A2,1.5831361,4.948623711704651e-07,Upregulated
GRPEL1,1.1843846,5.163393047433457e-07,Upregulated
GIT1,1.3380213,5.222894401955136e-07,Upregulated
PABPC4,1.0140148,5.674618810938337e-07,Upregulated
SRFBP1,1.2118076,5.758683489808192e-07,Upregulated
FAM207A,1.3550385,5.92804693305607e-07,Upregulated
PCID2,-1.3031999,6.050590972875577e-07,Downregulated
CD151,1.8413466,6.116568953014424e-07,Upregulated
RCN1,1.9604613,6.292062074446547e-07,Upregulated
PML,1.3635508,6.661685851690421e-07,Upregulated
BTG3,1.2663542,8.214166262520253e-07,Upregulated
MZB1,4.153455,8.919665545894141e-07,Upregulated
SEC24D,1.9703687,9.151493371089812e-07,Upregulated
CSF1,4.3428802,9.357154990731392e-07,Upregulated
ERG28,1.1002591,9.432444691737671e-07,Upregulated
BCL3,1.5333781,9.94655123652291e-07,Upregulated
PREX1,-1.0257033,1.0958406151418878e-06,Downregulated
NEDD9,1.0979445,1.1315842524427909e-06,Upregulated
SLC52A2,1.3410683,1.1637994619907152e-06,Upregulated
IRF4,1.9277686,1.2178222510660675e-06,Upregulated
MRPL17,1.4945307,1.3196851455338665e-06,Upregulated
AC090152.1,1.7653489,1.3399362734407157e-06,Upregulated
ADAM17,1.1430439,1.3942384713175033e-06,Upregulated
NXPH4,-1.8596,1.5581200763962549e-06,Downregulated
VCL,1.5442897,1.6427650653627116e-06,Upregulated
ETV6,1.4217486,1.6444686698285817e-06,Upregulated
NFKBIZ,1.2109084,1.6494583927183827e-06,Upregulated
CKAP2,-1.8160126,1.6520915828798317e-06,Downregulated
CDKN2D,-1.2125138,1.8657400971098137e-06,Downregulated
IKBIP,1.5493863,1.8668174643116491e-06,Upregulated
GLCCI1,-1.4556241,1.9427995533163255e-06,Downregulated
CHPF,2.3705962,1.977673732999439e-06,Upregulated
ABLIM1,-1.6372691,2.0107300264010434e-06,Downregulated
YWHAH,1.0238928,2.079086806774293e-06,Upregulated
MRPL15,1.3027011,2.089929129525031e-06,Upregulated
RRP15,1.3735473,2.3633709895045223e-06,Upregulated
PTGDR,-1.9983699,2.4264598267249396e-06,Downregulated
PCNA,1.3702677,2.5873786742402612e-06,Upregulated
CASP3,1.1015258,2.6701198717585327e-06,Upregulated
EI24,1.2025595,2.7043529404447633e-06,Upregulated
UBA5,1.2231433,2.816608978367056e-06,Upregulated
SBNO2,2.0364132,2.974447358315078e-06,Upregulated
F2R,-1.4480541,3.4511905971544516e-06,Downregulated
BLVRA,1.3322698,3.5164068598426613e-06,Upregulated
SREBF2,2.0140495,3.6428448877718316e-06,Upregulated
RAB3GAP1,1.1682252,3.6851224795463854e-06,Upregulated
FEN1,1.971439,3.765030512075361e-06,Upregulated
CD83,1.2307731,3.8789226591332454e-06,Upregulated
AK6,1.1503564,3.9377446516455745e-06,Upregulated
CDKN1B,-1.1800187,4.377442585084319e-06,Downregulated
HLA-DPB1,-1.1857277,4.4356424560734405e-06,Downregulated
MRPL23,1.3532422,4.68709631466261e-06,Upregulated
FKBP4,1.0092729,4.913803392256327e-06,Upregulated
DESI1,1.3342918,4.993983956125662e-06,Upregulated
FUOM,1.3993378,5.226133960763006e-06,Upregulated
SRGAP2,2.0518637,5.667104880728413e-06,Upregulated
RRAS2,1.6576661,6.008754545802456e-06,Upregulated
PALM2-AKAP2,1.9548411,6.052385883851203e-06,Upregulated
IPO5,1.4859533,6.4775522920368e-06,Upregulated
GNL2,1.2365675,6.539240802039248e-06,Upregulated
SFMBT2,1.7873214,6.782782043059912e-06,Upregulated
SLC7A1,3.4201996,6.8174724110280795e-06,Upregulated
RFC2,1.0523686,6.848055651691779e-06,Upregulated
TIMM10,1.2095675,6.94705560552255e-06,Upregulated
ORMDL3,1.0458703,7.778111340902253e-06,Upregulated
RHOBTB3,-1.7353113,7.915814967290367e-06,Downregulated
WDR46,1.0468494,8.329451743016732e-06,Upregulated
CBR4,-1.9697464,8.355706152427304e-06,Downregulated
POLD2,1.3277383,8.458345127957313e-06,Upregulated
HDAC7,1.160668,8.458345127957313e-06,Upregulated
ALG2,1.8700877,8.609156114339197e-06,Upregulated
LARP1B,1.1741632,9.081507947485188e-06,Upregulated
ASXL2,1.3227886,9.122244928707189e-06,Upregulated
GLUD1,1.0548387,9.57392769660136e-06,Upregulated
C21orf91,1.0825403,1.049783403974587e-05,Upregulated
NOC3L,1.3100181,1.0586655795992595e-05,Upregulated
LAG3,3.4667437,1.088590376670302e-05,Upregulated
STAT5A,1.2888331,1.0930164888778235e-05,Upregulated
FARSA,1.0949479,1.1501636273257508e-05,Upregulated
OXCT1,1.1865531,1.1780006802821169e-05,Upregulated
PNO1,1.7188793,1.2278261885083201e-05,Upregulated
TMEM214,1.5758777,1.2812964530618691e-05,Upregulated
RARS,1.0829946,1.2861968177000586e-05,Upregulated
SOCS3,1.660895,1.3904186999112646e-05,Upregulated
CMIP,-1.2770444,1.4921681988439786e-05,Downregulated
SNHG3,1.0177755,1.5599989503851307e-05,Upregulated
RIOK1,1.4280368,1.634602664713254e-05,Upregulated
ADAM19,3.4910004,1.7262567583268056e-05,Upregulated
CARD11,1.1321361,1.7387685540646085e-05,Upregulated
B4GALT5,1.2420056,1.74562873157717e-05,Upregulated
MXD1,1.5761687,1.756259619952768e-05,Upregulated
ATG101,1.1299484,1.798627881718125e-05,Upregulated
MAN1A1,1.0529324,1.8645337917684813e-05,Upregulated
BZW2,1.6582214,2.1278013278994432e-05,Upregulated
CHEK1,2.984118,2.2108435998039412e-05,Upregulated
BCL2L11,1.1485617,2.4083584124845566e-05,Upregulated
FAM118A,-1.4834893,2.489080452530464e-05,Downregulated
SNHG15,1.1517905,2.548672760257359e-05,Upregulated
ACSL3,1.0032423,2.5823838071984616e-05,Upregulated
S1PR1,-2.4780383,2.9339262697089977e-05,Downregulated
CPD,1.072969,3.0089837160070503e-05,Upregulated
CNP,1.5497876,3.1265307768941456e-05,Upregulated
SNHG16,1.179961,3.353821642914735e-05,Upregulated
MEI1,1.2525839,3.5270785293048e-05,Upregulated
MCM4,2.1850538,3.706749323941593e-05,Upregulated
SATB1-AS1,1.1330986,3.811328710340854e-05,Upregulated
ST6GALNAC6,-1.258374,3.947199809716117e-05,Downregulated
PILRB,-1.1990017,4.103907296533169e-05,Downregulated
MORF4L2,1.019289,4.2281011163189734e-05,Upregulated
ADSL,1.0548987,4.457132057199117e-05,Upregulated
TFG,1.0205065,4.505673557537099e-05,Upregulated
SLC39A8,1.3884501,4.8719993983463916e-05,Upregulated
SLFN11,2.0981538,4.951271300561408e-05,Upregulated
DUSP2,-1.4078828,5.0459351085558194e-05,Downregulated
CARD19,-1.3283592,5.08887489724708e-05,Downregulated
HIST1H1C,-1.3934816,5.2840817205999785e-05,Downregulated
TSEN54,-1.3529907,5.403969403388668e-05,Downregulated
THOC6,2.1414135,5.6167595324074427e-05,Upregulated
SRGAP2C,1.6522576,5.806250619773286e-05,Upregulated
MCMBP,1.414861,5.8614864525977646e-05,Upregulated
GABPB1,1.3447664,5.8633642914345235e-05,Upregulated
CD320,1.1641151,5.9409162510231515e-05,Upregulated
IFRD2,1.2462317,6.436508631130802e-05,Upregulated
TMEM140,1.2998691,6.856891131739214e-05,Upregulated
H2AFX,1.1105317,6.930563234673835e-05,Upregulated
MMAB,1.2665502,6.955670870903121e-05,Upregulated
DDX10,1.35675,6.988779676602018e-05,Upregulated
DHX15,1.0420486,7.116273216856186e-05,Upregulated
SFXN4,2.5122533,7.476833445590863e-05,Upregulated
MSH2,1.0836966,7.649979883369254e-05,Upregulated
COPRS,1.1817058,7.688297842349412e-05,Upregulated
AC008105.3,-1.2130907,7.739883279196853e-05,Downregulated
CKS2,1.5959642,7.936881592180893e-05,Upregulated
IRAK1,1.0880269,7.973222444514573e-05,Upregulated
PREB,1.2693135,8.36623008126654e-05,Upregulated
GPN3,1.185395,8.714147476857631e-05,Upregulated
SIPA1,-1.1403002,8.851737698810533e-05,Downregulated
SPHK1,2.732866,9.20995620336861e-05,Upregulated
HSPB1,1.1861094,9.452398740447837e-05,Upregulated
GFPT1,1.4113505,9.8609350990674e-05,Upregulated
PDE4A,1.4958891,9.967604442401393e-05,Upregulated
NMT2,-1.7667063,0.00010989213766451565,Downregulated
CKS1B,1.2718278,0.00011605514557109538,Upregulated
ECE1,1.3290907,0.0001166140989556731,Upregulated
ERO1A,1.1576302,0.0001166140989556731,Upregulated
GINS2,2.5991955,0.00011686998060351502,Upregulated
CCL3L1,1.0204507,0.00011791154253513976,Upregulated
TCF7,-1.2834376,0.00012668916243812128,Downregulated
TLE1,-1.9443161,0.0001421916515860403,Downregulated
B3GALT6,1.2126644,0.00014564843853071745,Upregulated
IPO7,1.162737,0.00014640555531987982,Upregulated
RNF19B,1.3713018,0.00015240733107421887,Upregulated
CMSS1,1.4756804,0.00015531039934843987,Upregulated
ZPR1,1.2338784,0.00015705900885082494,Upregulated
CCNH,-1.1481506,0.00015901232097789594,Downregulated
TIPIN,2.0250504,0.0001603818984896018,Upregulated
RAB37,-3.5917826,0.00016431677025563883,Downregulated
LINC00861,-2.0277264,0.00016645728966283631,Downregulated
WBP4,1.0182964,0.00017692977030633715,Upregulated
ALG3,1.4552914,0.00018288733118589803,Upregulated
SLC39A1,1.0159822,0.00019428993461461866,Upregulated
KCNK6,1.6680075,0.0001968249562156738,Upregulated
TMA16,1.0700438,0.00019778455605613804,Upregulated
MCUR1,1.28446,0.00019879723523534952,Upregulated
PSAT1,3.367361,0.00020047436066045126,Upregulated
COPG1,1.2393926,0.00020047436066045126,Upregulated
MRPS17,1.1380486,0.00021480566490172159,Upregulated
CD79B,1.0308914,0.00022823822416055082,Upregulated
POLR3D,1.2512813,0.00023112452378904914,Upregulated
ST6GAL1,1.0625365,0.0002363198003588805,Upregulated
ZC3H12A,1.0093706,0.00025630188042441817,Upregulated
RCSD1,-1.039166,0.00025820688131379806,Downregulated
SNHG14,-1.3415409,0.00027128201880136777,Downregulated
UTP14A,1.3766731,0.0002814874647577247,Upregulated
CTPS1,1.2937393,0.0002961761136638767,Upregulated
PGD,1.1780303,0.00030682951105950575,Upregulated
CGAS,1.8745043,0.0003432345361991744,Upregulated
ABHD15,-1.877759,0.0003561205080074562,Downregulated
NOL10,1.1586996,0.00036223201914422444,Upregulated
HIST1H1E,-1.0583259,0.0003682783609448111,Downregulated
MYC,1.5935041,0.000381896136487647,Upregulated
MRPL24,1.0747267,0.00038297010883696836,Upregulated
AARS,1.3907156,0.00039351530073742123,Upregulated
AIMP2,1.8901005,0.0004203729819832392,Upregulated
NUDCD1,1.6645042,0.00042152929705897884,Upregulated
NOP16,1.621388,0.00043848066623048147,Upregulated
FKBP2,1.7126775,0.00044329442858757434,Upregulated
KLHDC7B,1.4370967,0.00044494793278166913,Upregulated
RALGDS,-1.0663542,0.00045436425974707505,Downregulated
PARP11,1.1420543,0.0004637787188987609,Upregulated
ZFP36,-1.6128709,0.0005118036912925519,Downregulated
CD300A,-1.5843357,0.0005192135910418958,Downregulated
AFF1,1.0968076,0.0005219085673526751,Upregulated
PPIF,1.0292264,0.0005699151260944195,Upregulated
TOMM70,1.0789272,0.0005702700649272,Upregulated
TBCD,-1.1237243,0.0005748049272199324,Downregulated
ADAM28,-2.7956643,0.0005750035188647665,Downregulated
STT3A,1.740749,0.0005794401206479718,Upregulated
MIS12,1.1921579,0.0006073450666386554,Upregulated
AC245407.2,-2.1335866,0.000609992296772523,Downregulated
DHX58,1.5179416,0.0006103295838665636,Upregulated
CIAPIN1,1.0474689,0.0006103295838665636,Upregulated
ATIC,1.4598222,0.0006236934056744176,Upregulated
TSR1,1.2896981,0.0006256312429840912,Upregulated
RRS1,1.8537338,0.0006278343268057553,Upregulated
GOT1,1.719427,0.0007151281217956896,Upregulated
S1PR5,-1.4852256,0.0007152097443520458,Downregulated
CASP7,1.2091317,0.0007300764650321512,Upregulated
SEC23B,1.2548615,0.0007438114473592918,Upregulated
AGK,1.0499599,0.0007446750997297342,Upregulated
ST8SIA6,1.2910999,0.000751154103198193,Upregulated
POC1B,1.3403367,0.0007573088687028299,Upregulated
MSH6,1.0695463,0.0008223249016465729,Upregulated
PLAU,3.0827167,0.0008373061663202748,Upregulated
TXNDC5,2.5382624,0.0008473278070953397,Upregulated
ITM2C,-1.9012661,0.0008644502671986276,Downregulated
CLSPN,2.3921037,0.0009266992166517662,Upregulated
MIR222HG,3.163339,0.0009337986934862453,Upregulated
STARD4,1.6275128,0.0009554226138854975,Upregulated
RHEBL1,2.9481318,0.0009921855151949178,Upregulated
IMPAD1,1.0010463,0.0010036696061862058,Upregulated
GOLT1B,1.1052886,0.001013223067058209,Upregulated
DBP,-2.6269774,0.0010141074411259378,Downregulated
ADPRHL2,1.2831019,0.0010182897814548246,Upregulated
BNIP3L,-1.0201936,0.0010382947928842035,Downregulated
ELMO2,1.7429332,0.0010454705550977138,Upregulated
ARPC1A,1.0824896,0.0010475949934797848,Upregulated
B4GALT3,1.2772008,0.001049256190430606,Upregulated
COLGALT2,-2.479387,0.0010609403322671344,Downregulated
RASA3,-1.1547115,0.001083435714640296,Downregulated
SLC25A45,-1.4343392,0.001164613518280833,Downregulated
MDFIC,1.3862629,0.00122356585589084,Upregulated
FAM210A,1.0891354,0.0012759223410737772,Upregulated
TP53BP2,1.2249838,0.0012892111431357647,Upregulated
CSRNP1,1.218231,0.0013122075193033164,Upregulated
CREB3,1.109779,0.0014030663406938257,Upregulated
NUS1,1.1347301,0.0014299808105432785,Upregulated
SLC16A7,1.0111753,0.0014728256299912212,Upregulated
ETV7,4.413367,0.0015805904539185445,Upregulated
CTDSP2,-1.5214071,0.0016372515695006592,Downregulated
RALB,1.4190836,0.0016480435354209308,Upregulated
FCMR,-1.6115291,0.0016719682041958308,Downregulated
DAAM1,-1.0293506,0.0018058380703470968,Downregulated
LARP4,1.3463084,0.0020379267148463607,Upregulated
SND1-IT1,1.7754755,0.0021277251098915113,Upregulated
C1GALT1C1,1.3483598,0.0022477546093364197,Upregulated
FTSJ1,1.6863902,0.0024872819218467604,Upregulated
CCDC18-AS1,-1.0310663,0.002508878487480453,Downregulated
BLM,1.1501269,0.0026220407092431156,Upregulated
LYRM1,1.0084571,0.0026262486563487465,Upregulated
CCDC71L,1.2356372,0.002757793527720277,Upregulated
TIMM23,1.472402,0.0029913061645962078,Upregulated
TRIM69,1.1964962,0.0031295679149230824,Upregulated
SYNE3,3.3249383,0.003148183044705251,Upregulated
SEC24C,1.5023217,0.0032185413131904715,Upregulated
RPIA,1.0330087,0.003221018418140324,Upregulated
CALCOCO1,-1.0819707,0.00329783999036102,Downregulated
AC018926.2,1.9246625,0.00330378118150959,Upregulated
GCSH,1.1148046,0.0033787267773386976,Upregulated
UNC93B1,1.8129938,0.0034487996134570974,Upregulated
GRWD1,1.1495781,0.003450640010305592,Upregulated
AC007384.1,1.0593886,0.003450640010305592,Upregulated
GNPDA1,1.2708932,0.003486708931118567,Upregulated
LRMP,-1.3487687,0.0035260733321667483,Downregulated
NACC1,1.1715193,0.0035537725871110683,Upregulated
DAP,1.0052148,0.0036787813415308543,Upregulated
KLF3,-1.1194187,0.0037003189200391605,Downregulated
NCR3,2.1647046,0.003724982556770499,Upregulated
PPIL1,2.030958,0.003815776251841192,Upregulated
TRAF2,1.6854087,0.003815776251841192,Upregulated
DLGAP1-AS1,-1.2362282,0.0038739515884821225,Downregulated
ATAD5,1.2761245,0.0039094963849812085,Upregulated
LSG1,1.0272559,0.004081453075151805,Upregulated
TPD52,1.456069,0.004197506263096976,Upregulated
PDE7A,-1.1274316,0.004459597574442778,Downregulated
TTC38,-1.6368313,0.004459597574442778,Downregulated
PSME4,-1.0662491,0.004530784081221057,Downregulated
LIM2,1.8693645,0.004595296823315428,Upregulated
TRMT6,1.1429697,0.004768173091797048,Upregulated
AC006449.6,2.1406457,0.004853807045778971,Upregulated
BYSL,2.786631,0.0049061353931044525,Upregulated
EPHA4,-3.1506133,0.005167362294732011,Downregulated
MLKL,1.2015773,0.005246308976383947,Upregulated
SELENOM,1.1208215,0.0053498255876440705,Upregulated
RTP4,1.0360761,0.005432633051257171,Upregulated
PTDSS1,1.1085058,0.005442946123252387,Upregulated
BAZ2B,-1.6115131,0.005449546967441617,Downregulated
EMC9,1.4808985,0.005532792694421908,Upregulated
PWWP3A,-1.0001293,0.005894566648370724,Downregulated
MYBL1,-1.1258243,0.005971035905406438,Downregulated
P2RY10,-1.2958682,0.005971035905406438,Downregulated
FAM241A,2.351068,0.006017405111404255,Upregulated
TCP11L2,-1.9771175,0.00606177505769071,Downregulated
FAM89A,2.112586,0.006296580526166388,Upregulated
ABCF2,1.018298,0.006366163237449001,Upregulated
PYROXD1,1.0988648,0.006430557289645706,Upregulated
EPB41L4A-AS1,-1.0433502,0.006851734809074205,Downregulated
MPDU1,1.1930884,0.007019066412365596,Upregulated
NTPCR,1.1156698,0.007082570540403697,Upregulated
PCMTD2,-1.9833734,0.007326326540641839,Downregulated
PRKY,-1.1972789,0.007451558192267853,Downregulated
LMNA,1.0330054,0.007508427242079507,Upregulated
AGPS,1.0901799,0.007559265362854868,Upregulated
GALE,1.7668775,0.00761080919170422,Upregulated
PLXND1,-2.6795206,0.007624252407263872,Downregulated
NRAS,1.1897926,0.007771342241107555,Upregulated
ETS2,1.3745868,0.007773696077835413,Upregulated
SRF,1.3531535,0.0078063061632957596,Upregulated
TMEM97,2.3747394,0.007950424679479302,Upregulated
GALM,1.1294246,0.00800740967368535,Upregulated
EXOSC3,1.0373935,0.008060504211787202,Upregulated
TLNRD1,1.1762737,0.008104886186528304,Upregulated
CTSF,-2.921884,0.008135731866475517,Downregulated
MFSD14A,1.1366763,0.008200616512188664,Upregulated
FAM98A,1.2434455,0.008317054711120434,Upregulated
NOP2,1.5832437,0.00844728965888549,Upregulated
IP6K2,-1.1357236,0.008546970302259893,Downregulated
FGR,-3.0434198,0.0094237017163821,Downregulated
SMAD3,-2.4252183,0.009773362844857476,Downregulated
SYNJ2,1.9264264,0.009901474782488713,Upregulated
