names,scores,logfoldchanges,pvals,pvals_adj,Cell type,Regulation,-log10_pvals_adj
IFI44L,21.693127,2.0260546,2.3822848139974673e-104,3.9395843969076116e-100,CD4+ T Cells,upregulated,99.40454959128354
XAF1,20.932613,1.4381422,2.7026952964046935e-97,2.234723605832221e-93,CD4+ T Cells,upregulated,92.65077618344245
ISG15,17.315535,1.2916015,3.59170709372283e-67,1.9798686736298146e-63,CD4+ T Cells,upregulated,62.70336361590485
IFI6,16.576138,1.4759719,1.0368255337343741e-61,3.429196770273069e-58,CD4+ T Cells,upregulated,57.46480759397751
MX1,14.615284,1.2659216,2.2441745652917053e-48,6.185319131038155e-45,CD4+ T Cells,upregulated,44.20863788806827
EIF2AK2,13.407893,1.2114599,5.43611885096373e-41,1.2842442491198171e-37,CD4+ T Cells,upregulated,36.891352370381604
IFIT3,11.125071,1.8928459,9.47304048880878e-29,1.1189690754530771e-25,CD4+ T Cells,upregulated,24.9511819157466
SAMD9L,10.80459,1.3206689,3.274170571518937e-27,3.384059921325541e-24,CD4+ T Cells,upregulated,23.47056195554122
HERC5,10.785455,1.647567,4.0324585187411334e-27,3.922633324966007e-24,CD4+ T Cells,upregulated,23.406422286412024
IFIT1,10.703028,2.976985,9.850603166969131e-27,8.573653924850976e-24,CD4+ T Cells,upregulated,23.066834050748515
IFI44,8.006984,1.6528107,1.1755578566268784e-15,4.984666737189407e-13,CD4+ T Cells,upregulated,12.302363872264632
RSAD2,7.998431,1.8885853,1.2601463640229836e-15,5.20976010546202e-13,CD4+ T Cells,upregulated,12.283182274257626
OAS1,7.700972,1.995791,1.3503495515621989e-14,4.962384563152018e-12,CD4+ T Cells,upregulated,11.304309582832193
EPSTI1,7.293928,1.0118191,3.010460014856423e-13,9.956795453136134e-11,CD4+ T Cells,upregulated,10.001880414684202
PLSCR1,6.228438,1.0069584,4.711085807285563e-10,1.067222273905224e-07,CD4+ T Cells,upregulated,6.9717451192097775
IFIT2,6.2250557,1.9580766,4.813855173394638e-10,1.075766527059826e-07,CD4+ T Cells,upregulated,6.968281973104343
OASL,5.9095926,1.9801569,3.4295486117070946e-09,7.001783381703731e-07,CD4+ T Cells,upregulated,6.154791329387321
OAS3,5.7852473,2.0260482,7.240569084914694e-09,1.4086740112615799e-06,CD4+ T Cells,upregulated,5.851189497657371
DDX60,5.236206,1.0877112,1.6391078029375848e-07,2.7379722966847314e-05,CD4+ T Cells,upregulated,4.5625709504525105
HERC6,4.8253307,1.2750338,1.3977105378672243e-06,0.00019755503559581444,CD4+ T Cells,upregulated,3.704311895855463
HELZ2,4.5426755,1.3234366,5.554469332297045e-06,0.0007120485220790405,CD4+ T Cells,upregulated,3.1474904106424093
USP18,4.4930625,2.070362,7.020615840325406e-06,0.0008729317605373026,CD4+ T Cells,upregulated,3.0590197049547188
SPATS2L,4.3779726,1.4338342,1.1978843001948137e-05,0.001395029061431101,CD4+ T Cells,upregulated,2.855416745015689
IFI6,15.246898,1.9567207,1.726432992749229e-52,2.8550022401094e-48,CD8+ Effector T Cells,upregulated,47.544393546659194
XAF1,13.242347,1.4077729,4.99629631741089e-40,4.131187610051194e-36,CD8+ Effector T Cells,upregulated,35.38392508191524
ISG15,12.253605,1.290899,1.606917666773871e-34,8.857865818479834e-31,CD8+ Effector T Cells,upregulated,30.052670902820186
LY6E,11.778795,1.1434519,5.020528351582095e-32,2.075611933752828e-28,CD8+ Effector T Cells,upregulated,27.682853840989203
MX1,11.726003,1.9172127,9.378361404858042e-32,3.1017992510427487e-28,CD8+ Effector T Cells,upregulated,27.508386313223127
IFI44L,10.752492,2.5514305,5.768197164830115e-27,1.5898112752465934e-23,CD8+ Effector T Cells,upregulated,22.79865442724158
EIF2AK2,10.104494,1.3093333,5.276706627793166e-24,1.2465842500545084e-20,CD8+ Effector T Cells,upregulated,19.9042783644949
MX2,8.867971,1.5785657,7.449025820740385e-19,1.1963429180376887e-15,CD8+ Effector T Cells,upregulated,14.922144316948525
IRF9,8.86061,1.1151463,7.957774746577115e-19,1.1963429180376887e-15,CD8+ Effector T Cells,upregulated,14.922144316948525
SAMD9L,7.99435,1.0262535,1.3025914766950535e-15,1.7950796041755082e-12,CD8+ Effector T Cells,upregulated,11.745916287538256
STAT1,7.6287913,1.1569831,2.36964439955876e-14,3.01436995657717e-11,CD8+ Effector T Cells,upregulated,10.520803447363123
HERC5,6.901046,1.6515825,5.16210502735423e-12,5.021513578668053e-09,CD8+ Effector T Cells,upregulated,8.29916535859475
IFIT3,6.6232796,1.9253559,3.513158967854598e-11,3.057742623758499e-08,CD8+ Effector T Cells,upregulated,7.514599072810413
IFI44,5.7874813,1.7337825,7.1449605926294075e-09,5.137226666100544e-06,CD8+ Effector T Cells,upregulated,5.2892712717946475
IFIT1,5.531562,3.049924,3.173919258664062e-08,1.9439667696491702e-05,CD8+ Effector T Cells,upregulated,4.711311163217021
RSAD2,5.4860277,2.3895283,4.110725556676767e-08,2.4278238760987032e-05,CD8+ Effector T Cells,upregulated,4.614782821885424
IRF7,5.3869314,1.1631522,7.1670802294771e-08,4.086965715684924e-05,CD8+ Effector T Cells,upregulated,4.388599005437735
OAS2,5.32546,1.2595332,1.0069777221119092e-07,5.5387869033265024e-05,CD8+ Effector T Cells,upregulated,4.256585343372849
PARP9,4.794122,1.1599556,1.6338855543114947e-06,0.0007505434836569218,CD8+ Effector T Cells,upregulated,3.1246241413085336
IFITM1,4.6951766,1.0769824,2.663763364767728e-06,0.0011905582368422682,CD8+ Effector T Cells,upregulated,2.9242493559746445
EPSTI1,4.471496,1.1266615,7.767430762517394e-06,0.0032935898081987215,CD8+ Effector T Cells,upregulated,2.4823304899047605
OAS1,4.3695836,1.5879921,1.2448371069446507e-05,0.004787411915707834,CD8+ Effector T Cells,upregulated,2.319899203597515
PLSCR1,4.239502,1.17334,2.240164434455843e-05,0.008232355389465838,CD8+ Effector T Cells,upregulated,2.084475889417587
IFI6,21.050566,1.6953832,2.259682610848251e-98,5.3383387622282184e-95,CD14+ Monocytes,upregulated,94.27259387005803
MX2,18.99178,2.1184757,1.9945569866217554e-80,2.3559992062688547e-77,CD14+ Monocytes,upregulated,76.6278248601978
XAF1,18.827543,1.9465445,4.491155681766468e-79,4.641890094335755e-76,CD14+ Monocytes,upregulated,75.33330514651443
ISG15,18.320555,1.8242141,5.673211460616393e-75,5.5186998778949e-72,CD14+ Monocytes,upregulated,71.2581632234231
LY6E,17.139025,1.8864952,7.591221643959254e-66,5.977906301245438e-63,CD14+ Monocytes,upregulated,62.22345089645147
IFI16,16.20683,1.0970578,4.512521967445756e-59,2.87013752983271e-56,CD14+ Monocytes,upregulated,55.5420972924589
MX1,15.895138,2.3471072,6.847817456015695e-57,3.904908871383846e-54,CD14+ Monocytes,upregulated,53.40838909677181
EIF2AK2,15.462332,1.5319122,6.230161330945125e-54,3.2196305603074856e-51,CD14+ Monocytes,upregulated,50.49219395899509
IFITM3,15.055288,1.9038439,3.1870815108254565e-51,1.4244531606627183e-48,CD14+ Monocytes,upregulated,47.8463518268037
EPSTI1,14.572863,1.7006255,4.180005018556709e-48,1.6075521626016813e-45,CD14+ Monocytes,upregulated,44.79383492598537
CD163,13.0571995,1.7423507,5.781598765638986e-39,1.5421015933447082e-36,CD14+ Monocytes,upregulated,35.81188701410892
IFIT3,12.862923,2.458186,7.277244103636233e-38,1.8233906930580666e-35,CD14+ Monocytes,upregulated,34.739120266254545
OAS1,12.75627,2.5217056,2.8764753653283543e-37,6.893952625570289e-35,CD14+ Monocytes,upregulated,34.1615317053383
OAS3,12.663378,2.5476935,9.435091074620528e-37,2.149931312622563e-34,CD14+ Monocytes,upregulated,33.667575414979986
PARP9,12.151726,1.4430398,5.61672651824254e-34,1.1757443852174288e-31,CD14+ Monocytes,upregulated,30.929687086555866
OAS2,11.862303,2.5613909,1.8579442074685594e-32,3.657717066536615e-30,CD14+ Monocytes,upregulated,29.436789891312902
MNDA,11.8104925,1.6478364,3.4453651785556196e-32,6.703059289149915e-30,CD14+ Monocytes,upregulated,29.173726939216333
LAP3,11.439309,1.0039616,2.6599530728847813e-30,4.833807029263256e-28,CD14+ Monocytes,upregulated,27.315710691081645
HERC5,11.234123,2.0482702,2.772331086817308e-29,4.8258988613366126e-27,CD14+ Monocytes,upregulated,26.316421784048384
SP110,10.987112,1.1368935,4.408060653586445e-28,7.00924029118837e-26,CD14+ Monocytes,upregulated,25.154329051252244
TNFSF13B,10.983802,1.8008547,4.572657152850521e-28,7.13377654119708e-26,CD14+ Monocytes,upregulated,25.14668049864849
IFI35,10.653915,1.202599,1.6718269119438133e-26,2.323277448976037e-24,CD14+ Monocytes,upregulated,23.63389892306063
IFIT1,10.309377,3.5326562,6.391477100073089e-25,8.322508409756589e-23,CD14+ Monocytes,upregulated,22.07974575732371
DDX58,10.215982,1.6989034,1.6816626480162226e-24,2.0909515195672385e-22,CD14+ Monocytes,upregulated,21.679656036540774
IFI44,10.197511,2.786718,2.0341915344762294e-24,2.473487162178927e-22,CD14+ Monocytes,upregulated,21.60669033935653
IFIH1,10.064501,1.2422742,7.928865306776129e-24,9.433068027205529e-22,CD14+ Monocytes,upregulated,21.025347033606074
APOBEC3A,9.985846,2.4320612,1.7579569456692335e-23,2.061796738335611e-21,CD14+ Monocytes,upregulated,20.685754151744252
SAMD9L,9.622557,1.4582385,6.421456482783367e-22,6.98629117472293e-20,CD14+ Monocytes,upregulated,19.155753317790815
LGALS9,9.4816885,1.1885403,2.5020161205887658e-21,2.6701081392206957e-19,CD14+ Monocytes,upregulated,18.573471149378577
SIGLEC1,9.454442,2.6660082,3.2474790027773634e-21,3.4425359146749524e-19,CD14+ Monocytes,upregulated,18.46312152021736
IFI44L,9.398748,2.5390484,5.521574673987128e-21,5.70689252398282e-19,CD14+ Monocytes,upregulated,18.243600306298198
OLFML2B,9.165998,1.7375758,4.909054685655547e-20,4.832204603374154e-18,CD14+ Monocytes,upregulated,17.31585468526541
RSAD2,9.059888,2.6466355,1.3058483381568563e-19,1.2339893696057104e-17,CD14+ Monocytes,upregulated,16.908688581584354
OASL,8.707149,2.0825756,3.1161368853562405e-18,2.712187140691376e-16,CD14+ Monocytes,upregulated,15.566680347487281
IFIT2,7.9554615,3.171411,1.7846499065315048e-15,1.3414888865596133e-13,CD14+ Monocytes,upregulated,12.872412920849536
TRIM22,7.884774,1.4699452,3.1510424245302014e-15,2.3367169764330016e-13,CD14+ Monocytes,upregulated,12.631393886245716
ADGRE1,7.5828576,1.1901234,3.380263783400279e-14,2.2723342352069276e-12,CD14+ Monocytes,upregulated,11.643527788352724
AOAH,7.4550877,1.0923676,8.980795622476648e-14,5.756411519724664e-12,CD14+ Monocytes,upregulated,11.23984816637595
CD36,7.2760596,1.0185872,3.437122931717458e-13,2.1051741452522813e-11,CD14+ Monocytes,upregulated,10.676711972420302
CMPK2,7.1155486,2.8864079,1.114686808057987e-12,6.58341990887676e-11,CD14+ Monocytes,upregulated,10.18154844351158
HRH2,7.03112,1.1597562,2.0488213298263005e-12,1.1723653401846898e-10,CD14+ Monocytes,upregulated,9.930937029528243
CD4,7.0268354,1.0034137,2.1127010360464125e-12,1.204749552865501e-10,CD14+ Monocytes,upregulated,9.91910322621213
PNPT1,6.9948273,1.6118253,2.6558612965618503e-12,1.4989753672779292e-10,CD14+ Monocytes,upregulated,9.824205503871646
HACD4,6.9137316,1.3251765,4.72067832298671e-12,2.58496216646461e-10,CD14+ Monocytes,upregulated,9.587545808862453
DDX60,6.8857346,1.5023913,5.749011058265547e-12,3.117094946574995e-10,CD14+ Monocytes,upregulated,9.506249968930865
LXN,5.757937,1.1601058,8.51480516633981e-09,3.502719727257747e-07,CD14+ Monocytes,upregulated,6.455594611690316
HELZ2,5.52077,1.4102123,3.375174417174551e-08,1.289074778979951e-06,CD14+ Monocytes,upregulated,5.889721888576488
TNFSF10,5.4772058,2.0812206,4.320947157604002e-08,1.6351373717459353e-06,CD14+ Monocytes,upregulated,5.786445755367561
TRIM14,5.1740775,1.6013966,2.2903965257522754e-07,7.858150901735557e-06,CD14+ Monocytes,upregulated,5.1046796355952475
SLCO2B1,5.1167493,1.0548939,3.1084632451057925e-07,1.0490746262104998e-05,CD14+ Monocytes,upregulated,4.979193617050808
LGALS2,5.0333633,1.0574362,4.81947847582706e-07,1.5908126857235946e-05,CD14+ Monocytes,upregulated,4.798380954448825
CCL8,4.8867807,1.6803111,1.0249820896825166e-06,3.210251669901473e-05,CD14+ Monocytes,upregulated,4.493460919444013
NR1H3,4.7420874,1.0728426,2.1152757282892333e-06,6.325554198683373e-05,CD14+ Monocytes,upregulated,4.198901418786735
IFIT5,4.685961,1.8904614,2.786494372852122e-06,8.199334064742979e-05,CD14+ Monocytes,upregulated,4.086221418805521
NLN,4.406668,1.1479913,1.049727464172815e-05,0.00027819460056131156,CD14+ Monocytes,upregulated,3.555651303420838
HERC6,4.330404,1.8095814,1.4883626713081514e-05,0.0003857845375458135,CD14+ Monocytes,upregulated,3.41365518310246
USP18,4.246217,2.3719292,2.1741051679942895e-05,0.0005422801985387868,CD14+ Monocytes,upregulated,3.265776253617921
TRIM5,4.2133703,1.3633022,2.5158799607230403e-05,0.0006166206169639901,CD14+ Monocytes,upregulated,3.2099819585520906
SECTM1,4.0838113,1.0825908,4.4302972992205175e-05,0.0010289863263653048,CD14+ Monocytes,upregulated,2.987590396300299
TRIM34,3.4891794,1.0128763,0.0004845060889233375,0.009094525757690389,CD14+ Monocytes,upregulated,2.0412199426904443
NT5E,-3.6589923,-1.434673,0.0002532090062429288,0.005051046243955746,CD14+ Monocytes,downregulated,2.296618655363543
RASAL1,-3.8039908,-2.3524325,0.00014238351012726153,0.0029963305180182986,CD14+ Monocytes,downregulated,2.5234102823496305
IL24,-3.9957361,-2.2600677,6.44935594453408e-05,0.001458353032706799,CD14+ Monocytes,downregulated,2.8361373308895064
ADGRE3,-4.2988915,-1.0616919,1.7165444917724993e-05,0.00043604448940770844,CD14+ Monocytes,downregulated,3.360469197615461
BHLHE41,-4.5178647,-1.0968412,6.246644259900334e-06,0.00017332341631874466,CD14+ Monocytes,downregulated,3.761142759322887
ABCG1,-4.54389,-1.1577467,5.5225463472809885e-06,0.00015558151438668774,CD14+ Monocytes,downregulated,3.808042005526134
SCG5,-4.809614,-1.8507824,1.5122172430598123e-06,4.6139366325609075e-05,CD14+ Monocytes,downregulated,4.335928374339873
TNFSF14,-5.986777,-1.1111805,2.1404034351490835e-09,9.38882005492318e-08,CD14+ Monocytes,downregulated,7.02738898450016
CD109,-6.0694246,-1.0106851,1.2836916924607157e-09,5.816002607732289e-08,CD14+ Monocytes,downregulated,7.235375407423522
FBP1,-11.214044,-1.2766196,3.4792652551410234e-29,5.99339682544449e-27,CD14+ Monocytes,downregulated,26.22232696652254
IL3RA,-12.352304,-1.0230261,4.733594353401198e-35,1.0299927608183634e-32,CD14+ Monocytes,downregulated,31.987165827671223
CXCL5,-13.094835,-1.203153,3.524382107916653e-39,9.554542117806179e-37,CD14+ Monocytes,downregulated,36.019790120798916
GPR68,-16.051123,-1.2620118,5.613943695246866e-58,3.438436551418423e-55,CD14+ Monocytes,downregulated,54.46363898517192
ALOX5AP,-21.156557,-1.2724359,2.4012790148837184e-99,6.618325178188675e-96,CD14+ Monocytes,downregulated,95.17925189846001
CLEC5A,-24.591194,-1.1892112,1.569187665471839e-133,6.487414105976951e-130,CD14+ Monocytes,downregulated,129.18792837920856
TIPARP,-24.81788,-1.5504644,5.748829797713687e-136,3.168946612159708e-132,CD14+ Monocytes,downregulated,131.49908507738897
CYP1B1,-37.143974,-2.0861583,5.485055183780029e-302,9.070635757417034e-298,CD14+ Monocytes,downregulated,297.04236227233775
ISG15,20.99562,2.2216966,7.191647056648456e-98,1.1892826737579551e-93,B Cells,upregulated,92.92471490815456
XAF1,19.585695,1.7186642,2.047943195286568e-85,1.6933418310226988e-81,B Cells,upregulated,80.77125536301232
MX1,18.930967,2.1591108,6.3387680704411765e-80,3.494140252696191e-76,B Cells,upregulated,75.45665966668292
IFI44L,18.894207,2.2737474,1.2728617711434313e-79,5.262328777349731e-76,B Cells,upregulated,75.27882202175236
EIF2AK2,16.716242,1.7796668,9.981749501804788e-63,3.3013638302269155e-59,B Cells,upregulated,58.48130661115809
IFI6,16.601614,2.0374162,6.784125918374676e-62,1.869818171869367e-58,B Cells,upregulated,57.72820062383419
LY6E,16.591953,1.4855494,7.968486956471524e-62,1.8824981257024228e-58,B Cells,upregulated,57.72526544752965
SAMD9L,16.172136,1.7977294,7.929959106849075e-59,1.6392216718745394e-55,B Cells,upregulated,54.785362312834465
IFIT3,16.133856,2.7393963,1.4751424904644511e-58,2.7104923738678472e-55,B Cells,upregulated,54.56695181029513
MX2,15.774361,2.2852135,4.671033221429244e-56,7.724487638277541e-53,B Cells,upregulated,52.11213031750162
HERC5,11.988533,2.3802767,4.0806865338285344e-33,4.498820880661498e-30,B Cells,upregulated,29.346901297807737
IFIT1,11.742284,3.0786133,7.736883566024126e-32,7.526167266549468e-29,B Cells,upregulated,28.123426133859336
SAMD9,11.342637,1.1794723,8.067616217316402e-30,7.109332623839863e-27,B Cells,upregulated,26.14817116599137
IRF7,11.341553,1.5024959,8.168187691416666e-30,7.109332623839863e-27,B Cells,upregulated,26.14817116599137
TRIM22,10.653997,1.1829863,1.6703464732675642e-26,1.3153580775440814e-23,B Cells,upregulated,22.88095600387969
IFIT2,10.286648,2.6618385,8.094538547226401e-25,5.819973215455783e-22,B Cells,upregulated,21.23507901404539
EPSTI1,9.39615,1.2565527,5.6596161131157996e-21,3.899711319274832e-18,B Cells,upregulated,17.408967540944342
OAS1,9.123874,1.9975895,7.248591157905729e-20,4.610382768395655e-17,B Cells,upregulated,16.336263016627434
PLSCR1,8.415722,1.376602,3.9048153353570427e-17,2.083030038735465e-14,B Cells,upregulated,13.681304467179958
OAS2,8.160811,1.6413383,3.3278126571658535e-16,1.6676375124712644e-13,B Cells,upregulated,12.777898344250922
NT5C3A,7.4311604,1.1090267,1.0764904339738042e-13,4.564595463237128e-11,B Cells,upregulated,10.340597705724157
OAS3,7.3582454,2.565854,1.8634341039413005e-13,7.703902444219321e-11,B Cells,upregulated,10.113289225390982
IFI35,6.8294535,1.0875461,8.523861887546568e-12,3.0643283485729912e-09,B Cells,upregulated,8.513664701071683
SLFN5,6.6516876,2.254158,2.897508633688287e-11,9.778795974551673e-09,B Cells,upregulated,8.009714614925935
DDX60L,6.3013954,1.627341,2.9497791849978475e-10,8.869181524056256e-08,B Cells,upregulated,7.052116456378747
IFI44,6.1449056,2.00465,8.001104582650896e-10,2.2812804566085838e-07,B Cells,upregulated,6.641821320041094
PARP9,6.076167,1.2035421,1.2308912634341138e-09,3.450042173459312e-07,B Cells,upregulated,6.4621755960604315
IFIH1,5.6819515,1.0744908,1.3316657527686964e-08,3.387962546697836e-06,B Cells,upregulated,5.470061399360329
IFITM1,5.4427266,1.5352583,5.247112060616651e-08,1.1886505773481855e-05,B Cells,upregulated,4.924945794357212
TNFSF10,5.41179,1.6045759,6.23978070505467e-08,1.3400942015518064e-05,B Cells,upregulated,4.872864671951475
DDX60,5.1298747,1.4281726,2.8993482294225753e-07,5.7766893578266423e-05,B Cells,upregulated,4.238320986069298
USP18,5.0441747,2.712603,4.5548260727388327e-07,8.861548089986126e-05,B Cells,upregulated,4.052490401340021
MNDA,4.803218,1.4524461,1.5613575430224636e-06,0.00027763623321465033,B Cells,upregulated,3.556523856450881
ZBP1,4.714117,1.5725652,2.4276095778194414e-06,0.00041818103737916774,B Cells,upregulated,3.378635664364605
PNPT1,4.6754227,1.2391915,2.9334904365072465e-06,0.0005001147561703127,B Cells,upregulated,3.3009303311575984
RSAD2,4.540411,2.060522,5.614468270918653e-06,0.000910259429374331,B Cells,upregulated,3.0408348135156564
DDX58,4.3229623,1.1839887,1.539482126615844e-05,0.002357260734059835,B Cells,upregulated,2.627592377975982
LGALS9,4.29312,1.0044636,1.7617964695739254e-05,0.0026729200199398172,B Cells,upregulated,2.5730140361624563
DTX3L,4.259261,1.0017338,2.0510392668925375e-05,0.00300159613775238,B Cells,upregulated,2.5226477421209617
XAF1,22.989183,2.0994823,5.980268300516554e-117,9.889569688564225e-113,CD8+ Naive T Cells,upregulated,112.00482260485862
IFI44L,21.472538,2.371893,2.8123634075274495e-102,2.3254026835140716e-98,CD8+ Naive T Cells,upregulated,97.63350183069436
ISG15,21.333897,1.9152,5.5027254952584316e-101,3.0332857171696226e-97,CD8+ Naive T Cells,upregulated,96.51808667984893
LY6E,20.64,1.623531,1.2006310085358564e-94,4.963708747039365e-91,CD8+ Naive T Cells,upregulated,90.30419370929751
MX1,19.771917,2.0244691,5.196326675303169e-87,1.71863308458977e-83,CD8+ Naive T Cells,upregulated,82.76481683206613
IFI6,18.907602,1.9712843,9.874516614150922e-80,2.7215813541368968e-76,CD8+ Naive T Cells,upregulated,75.56517867912216
MX2,13.826817,1.27821,1.7562202860713611e-43,4.148944981537443e-40,CD8+ Naive T Cells,upregulated,39.38206232423902
EIF2AK2,13.382945,1.5105394,7.60723107159834e-41,1.3977864470113527e-37,CD8+ Naive T Cells,upregulated,36.854559174777
IFIT1,12.102802,3.2182715,1.0206695890274733e-33,1.125254199583155e-30,CD8+ Naive T Cells,upregulated,29.94874935754755
HERC5,11.747641,2.2957268,7.261847824805288e-32,7.06406926345912e-29,CD8+ Naive T Cells,upregulated,28.150945051136233
IFIT3,11.728497,2.1107178,9.106220245937902e-32,8.36608690039306e-29,CD8+ Naive T Cells,upregulated,28.07747762861922
SAMD9L,11.324259,1.4854428,9.951676201478528e-30,8.22854346719252e-27,CD8+ Naive T Cells,upregulated,26.084677032362787
TRIM22,10.841108,1.2754623,2.197915203319511e-27,1.6521328962406704e-24,CD8+ Naive T Cells,upregulated,23.78195502131188
IRF7,10.694263,1.5132169,1.0827662330371322e-26,7.785089215536981e-24,CD8+ Naive T Cells,upregulated,23.108736406141023
IFI44,8.377821,2.2130492,5.3916384110258496e-17,3.074535324246016e-14,CD8+ Naive T Cells,upregulated,13.512220512852869
OAS1,8.261983,2.3865004,1.4327238189150045e-16,7.404048060436697e-14,CD8+ Naive T Cells,upregulated,13.13053077085988
RSAD2,7.8834686,1.8534262,3.1841559336542924e-15,1.3856943861800272e-12,CD8+ Naive T Cells,upregulated,11.858332542473768
OAS2,7.2236943,1.3585595,5.059393841566159e-13,1.8188520860430344e-10,CD8+ Naive T Cells,upregulated,9.74020261749905
PARP14,7.108897,1.0262892,1.1697390866846222e-12,4.11573942053268e-10,CD8+ Naive T Cells,upregulated,9.38555212948958
EPSTI1,7.0953665,1.4001453,1.290089907636869e-12,4.444628500539771e-10,CD8+ Naive T Cells,upregulated,9.352164533210784
PARP9,6.708538,1.076642,1.9658396291536855e-11,6.133790556097075e-09,CD8+ Naive T Cells,upregulated,8.212271057483669
PLSCR1,6.3783035,1.2938664,1.790603138332344e-10,5.10538001700034e-08,CD8+ Naive T Cells,upregulated,7.291971925830977
DDX60,6.2265306,1.4266725,4.768773479959677e-10,1.2719549522273093e-07,CD8+ Naive T Cells,upregulated,6.8955282694624
TSHZ2,6.0701427,1.0776315,1.2779648334476427e-09,3.302141320425573e-07,CD8+ Naive T Cells,upregulated,6.481204344347703
OAS3,5.600438,2.2163904,2.13810711103435e-08,4.9108162909965335e-06,CD8+ Naive T Cells,upregulated,5.3088463121112754
IFIT2,5.579279,2.1389809,2.4151785196808844e-08,5.4712064630086e-06,CD8+ Naive T Cells,upregulated,5.26191689625278
PNPT1,5.48117,1.015418,4.225214260735809e-08,9.19373266181422e-06,CD8+ Naive T Cells,upregulated,5.036508128950612
DDX60L,4.702001,1.0251836,2.5762428582460227e-06,0.00044845608575594186,CD8+ Naive T Cells,upregulated,3.348280078032648
USP18,4.688242,2.0141323,2.7556217514940834e-06,0.00047468455108810057,CD8+ Naive T Cells,upregulated,3.323594902442939
HERC6,4.627685,1.4765878,3.6977571353399677e-06,0.000605443660862545,CD8+ Naive T Cells,upregulated,3.2179262636107597
TNFSF10,4.6144257,1.0141597,3.941839711337432e-06,0.0006390804245724228,CD8+ Naive T Cells,upregulated,3.1944444849555587
HELZ2,3.978376,1.4602563,6.938762242948133e-05,0.009106850096161372,CD8+ Naive T Cells,upregulated,2.040631812095041
REG4,-4.5305166,-1.0199261,5.883966717296022e-06,0.0009356072846531184,CD8+ Naive T Cells,downregulated,3.0289064054260146
FGFBP2,-5.061684,-1.4647393,4.155693337193467e-07,7.761883147469488e-05,CD8+ Naive T Cells,downregulated,4.110032899703604
LRRN3,-5.8117013,-1.013617,6.184117405642539e-09,1.5263693960762788e-06,CD8+ Naive T Cells,downregulated,5.816340350218885
ISG15,29.302082,2.707438,9.757047428276468e-189,1.6135229332140796e-184,NK Cells,upregulated,183.7922248575315
IFI6,27.608095,2.6842399,8.89606333236575e-168,7.355709966366621e-164,NK Cells,upregulated,163.13337540320907
LY6E,24.31158,1.6525011,1.478691959745244e-130,8.151042979435699e-127,NK Cells,upregulated,126.08878681687563
MX1,24.297611,2.7889678,2.077716033099797e-130,8.589797509842835e-127,NK Cells,upregulated,126.06601707381654
XAF1,23.845541,1.7851015,1.1264839154514039e-125,3.725732901963973e-122,NK Cells,upregulated,121.42878828292369
ISG20,23.084444,1.9524872,6.63545564005357e-118,1.828842165326098e-114,NK Cells,upregulated,113.73782377384876
IFI44L,21.03634,2.714028,3.050330961003502e-98,7.206189014587845e-95,NK Cells,upregulated,94.1422943507458
IFIT3,20.819845,2.9376314,2.8610678722427396e-96,5.914184925409773e-93,NK Cells,upregulated,92.22810510002813
MX2,18.355778,2.722969,2.9680713051154623e-75,5.453666130299377e-72,NK Cells,upregulated,71.26331145279096
BST2,18.210848,1.3325686,4.2333721817329855e-74,7.000727576931838e-71,NK Cells,upregulated,70.15485682195342
TRIM22,17.86825,1.8588986,2.0843169747918863e-71,3.133486346557584e-68,NK Cells,upregulated,67.5039721932977
IFIT1,17.435198,3.5769563,4.4602064992046845e-68,6.146536239778989e-65,NK Cells,upregulated,64.21136955344868
RNF213,17.192402,1.0607959,3.0272659968263705e-66,3.8509152145782835e-63,NK Cells,upregulated,62.41443604311348
EIF2AK2,17.063486,1.7960098,2.7748569528051744e-65,3.2777006734670837e-62,NK Cells,upregulated,61.484430709642
SP100,16.439814,1.2472614,9.922272226394815e-61,1.0938974387192737e-57,NK Cells,upregulated,56.961023394534834
HERC5,16.200417,2.8078423,5.008719343584256e-59,5.176824486553303e-56,NK Cells,upregulated,55.28593655895354
SAMD9L,16.02532,1.5503561,8.505098222627981e-58,8.273459371035231e-55,NK Cells,upregulated,54.082312861473774
SAMD9,16.000277,1.3952793,1.2720854026026294e-57,1.1686931279355378e-54,NK Cells,upregulated,53.9322995096593
IFITM3,15.656422,2.10444,3.0032555131365226e-55,2.6139387589862463e-52,NK Cells,upregulated,51.582704591562624
IFITM2,15.3899355,1.0672438,1.912239929435792e-53,1.5811355856539845e-50,NK Cells,upregulated,49.80103088681886
STAT1,14.978764,1.746043,1.010797008681548e-50,7.959785777412743e-48,NK Cells,upregulated,47.099098620320056
MT2A,14.864596,1.0160652,5.59511708552276e-50,4.2057477837859034e-47,NK Cells,upregulated,46.37615677525273
IFIT2,14.623143,2.639232,1.9995260376376288e-48,1.437659221061455e-45,NK Cells,upregulated,44.84234404576937
IRF7,14.056234,1.7240077,7.054106414776666e-45,4.8605732408817385e-42,NK Cells,upregulated,41.31331250837749
PARP14,13.845075,1.4078859,1.3623932023881175e-43,9.011958555156921e-41,NK Cells,upregulated,40.04518081420831
RSAD2,13.792911,2.8305566,2.811838636787564e-43,1.7884375206367672e-40,NK Cells,upregulated,39.74752622740019
IFI35,13.570751,1.6867974,5.970717671178487e-42,3.6569540047510607e-39,NK Cells,upregulated,38.436880501955756
EPSTI1,13.511655,1.9011322,1.3348699337688602e-41,7.8838371766913e-39,NK Cells,upregulated,38.10326235369684
IRF9,12.864567,1.1700081,7.124001248261439e-38,3.9269869547499806e-35,NK Cells,upregulated,34.405940541431264
OAS1,12.376762,2.6586452,3.49145766593977e-35,1.8625237232789023e-32,NK Cells,upregulated,31.72989818686235
PLSCR1,12.358096,1.9331007,4.404640049299813e-35,2.2762353904772188e-32,NK Cells,upregulated,31.642782828612944
SP110,12.344414,1.0762764,5.221318939207653e-35,2.6165136756871806e-32,NK Cells,upregulated,31.58227699099886
OASL,11.121175,1.5173011,9.89599008680216e-29,4.545833001817981e-26,NK Cells,upregulated,25.342386522795188
TYMP,10.950605,1.1740395,6.600506971415855e-28,2.9500698320622705e-25,NK Cells,upregulated,24.53016770357426
OAS3,10.916191,3.2088206,9.645659611546245e-28,4.197638763056323e-25,NK Cells,upregulated,24.376994938302825
IFITM1,10.385199,1.2872849,2.89567429132687e-25,1.1971441438918113e-22,NK Cells,upregulated,21.921853554582825
SHFL,9.964688,1.1496782,2.1755463950115274e-23,8.565954936739436e-21,NK Cells,upregulated,20.06722421464373
IFI44,9.945469,2.4113767,2.6392791171435802e-23,1.0150176455861253e-20,NK Cells,upregulated,19.993526407687643
CD38,9.809547,1.1590426,1.0242667140876522e-22,3.8496133297426145e-20,NK Cells,upregulated,19.414582890541507
PARP9,9.649615,1.6406871,4.934054071737301e-22,1.8132100485404388e-19,NK Cells,upregulated,18.741551882811248
UBE2L6,9.606619,1.0196112,7.497056562212036e-22,2.637847327006392e-19,NK Cells,upregulated,18.57875034410331
OAS2,9.463138,1.696132,2.9883965029704e-21,9.883822593924301e-19,NK Cells,upregulated,18.00507505841071
TNFSF10,9.387622,1.7737222,6.1370193997847736e-21,1.989958623808643e-18,NK Cells,upregulated,17.70115595355934
PPM1K,8.773319,1.1908463,1.734752536671254e-18,5.215927763442278e-16,NK Cells,upregulated,15.282668431876528
ZBP1,8.054316,1.1274682,7.992501406199619e-16,2.2402033178698832e-13,NK Cells,upregulated,12.649712563888224
DDX58,7.787903,1.5981134,6.8130442115871124e-15,1.8172147117260657e-12,NK Cells,upregulated,11.740593755901223
DDX60L,7.754213,1.6503139,8.889312546456104e-15,2.3333739933451523e-12,NK Cells,upregulated,11.632015646877585
TMEM123,7.739774,1.254125,9.959352887857817e-15,2.5734034172891365e-12,NK Cells,upregulated,11.589492126665995
LAP3,7.627651,1.2523258,2.390695426066782e-14,6.082296963210212e-12,NK Cells,upregulated,11.215932379598815
LGALS9,6.574961,2.2117994,4.866593539364404e-11,1.073051431472922e-08,NK Cells,upregulated,7.9693794617529825
HELZ2,6.437155,1.4413747,1.2173364807845846e-10,2.580909408042907e-08,NK Cells,upregulated,7.588227239267661
USP18,6.414464,2.519749,1.413190613172033e-10,2.9582193886108746e-08,NK Cells,upregulated,7.528969620829343
HERC6,6.3710737,1.916375,1.8770946267651727e-10,3.832285659606871e-08,NK Cells,upregulated,7.416542125959071
DTX3L,6.3330603,1.5259461,2.403454093659532e-10,4.788665102029842e-08,NK Cells,upregulated,7.319785534522685
PNPT1,6.2391987,1.8514009,4.398184154530788e-10,8.556796630997133e-08,NK Cells,upregulated,7.067688789745579
APOL6,6.2349396,1.0288253,4.519530883707858e-10,8.690637467892656e-08,NK Cells,upregulated,7.060948366401237
STAT2,6.119526,1.7265636,9.385409189287371e-10,1.7438933905982612e-07,NK Cells,upregulated,6.7584800683083195
CMPK2,6.057608,2.947559,1.3816049079243e-09,2.4728773526527566e-07,NK Cells,upregulated,6.606797422816625
NT5C3A,6.0306473,1.1094053,1.633040963232009e-09,2.8729360009540144e-07,NK Cells,upregulated,6.541674048474498
IFIH1,5.992251,1.6669221,2.069563334936029e-09,3.5650384239413656e-07,NK Cells,upregulated,6.447935784966175
HSH2D,5.9736595,1.0772842,2.3198972550661526e-09,3.955066072889584e-07,NK Cells,upregulated,6.402846256830866
NMI,5.913456,1.0341486,3.350032448894116e-09,5.485097683897227e-07,NK Cells,upregulated,6.260815633686394
GBP1,5.75002,1.2569377,8.92327705379735e-09,1.4188868522946805e-06,NK Cells,upregulated,5.848052235538506
PALM2-AKAP2,5.631434,2.4509642,1.787175708402662e-08,2.762105111201385e-06,NK Cells,upregulated,5.5587597984778245
DDX60,5.624076,1.2712984,1.865034707168653e-08,2.855748051152594e-06,NK Cells,upregulated,5.544280110908751
IFIT5,4.4532256,1.6735882,8.458986457642386e-06,0.0009516072044219873,NK Cells,upregulated,3.021542278668325
SPATS2L,4.221238,2.1776278,2.4296410615625803e-05,0.0025127286534049314,NK Cells,upregulated,2.5998544078227153
RTP4,4.023367,1.4916404,5.7372008071907176e-05,0.0055809464557948765,NK Cells,upregulated,2.2532921441316773
MX1,5.89953,2.4554899,3.645391260742094e-09,6.028383527889201e-05,Dendritic Cells,upregulated,4.219799125510128
ISG20,5.352255,1.6235373,8.686504161706002e-08,0.00047882906440710715,Dendritic Cells,upregulated,3.3198194962595027
TIPARP,-4.7131476,-2.023284,2.4391917741172864e-06,0.008067382873715513,Dendritic Cells,downregulated,2.0932673311819805
TNFRSF4,-4.8734555,-1.200674,1.096630851084041e-06,0.004533746096094196,Dendritic Cells,downregulated,2.343542805372464
CYP1B1,-5.7413454,-2.157121,9.392725694209011e-09,7.766375240256722e-05,Dendritic Cells,downregulated,4.109781629906902
IFI6,13.010272,2.0723178,1.0696043245528289e-38,1.768804671513013e-34,CD16+ Monocytes,upregulated,33.75232012343158
MX2,12.265539,2.6351414,1.3868630989888055e-34,1.1467277533988939e-30,CD16+ Monocytes,upregulated,29.94053967645852
ISG15,11.497436,2.4924831,1.3589350178741898e-30,7.490902796861825e-27,CD16+ Monocytes,upregulated,26.12546583836624
LY6E,11.152876,2.0315337,6.932872885998265e-29,2.8662229728938325e-25,CD16+ Monocytes,upregulated,24.542690027431096
XAF1,10.538743,1.9146312,5.725915348305213e-26,1.8937892422984662e-22,CD16+ Monocytes,upregulated,21.72266835479409
MX1,10.441761,2.7759385,1.5981746724006766e-25,4.404835759581665e-22,CD16+ Monocytes,upregulated,21.356070280222912
IFIT3,9.673033,2.6128142,3.9256873415872643e-22,9.274155938261228e-19,CD16+ Monocytes,upregulated,18.032725606029494
IFITM3,9.648038,2.1058278,5.010539087028578e-22,1.035741061027395e-18,CD16+ Monocytes,upregulated,17.984748806195952
APOBEC3A,8.973166,2.770386,2.881112675271004e-19,4.3313600282687813e-16,CD16+ Monocytes,upregulated,15.363375715648608
EIF2AK2,8.919801,2.0144982,4.671258888800612e-19,6.43738402034131e-16,CD16+ Monocytes,upregulated,15.191290582382523
IFIT1,8.365032,3.9664652,6.009867672048261e-17,7.098941549475863e-14,CD16+ Monocytes,upregulated,13.148806399659703
OAS3,8.091584,2.1289115,5.88937783612796e-16,6.087040079753005e-13,CD16+ Monocytes,upregulated,12.215593838651417
IFITM2,8.013099,1.6041003,1.1185361938708583e-15,1.0880725316495521e-12,CD16+ Monocytes,upregulated,11.963342153309501
ADA2,7.864877,1.3996562,3.694599046146638e-15,3.2156623382172078e-12,CD16+ Monocytes,upregulated,11.49272956077806
OAS2,7.456705,2.4689093,8.871311370063487e-14,6.112703171947495e-11,CD16+ Monocytes,upregulated,10.213766692696254
IFI44L,7.2739897,3.405604,3.490227037494205e-13,1.990271879966954e-10,CD16+ Monocytes,upregulated,9.701087592985182
TNFSF10,7.265366,2.2151556,3.7202872397352404e-13,2.0507463361167225e-10,CD16+ Monocytes,upregulated,9.688088055691027
IFIT2,7.1803827,3.0216506,6.95166568216252e-13,3.7083772705136e-10,CD16+ Monocytes,upregulated,9.430816089476968
SP110,7.158262,1.1837435,8.170646360532876e-13,4.22243683950413e-10,CD16+ Monocytes,upregulated,9.37443683801746
OAS1,7.0497823,1.3971725,1.7919784533947164e-12,8.715866965820125e-10,CD16+ Monocytes,upregulated,9.059689407206317
SAMD9,7.005416,1.2474421,2.462533698338284e-12,1.1635119934120057e-09,CD16+ Monocytes,upregulated,8.934229135672647
EPSTI1,6.9635487,1.4254555,3.318061781753153e-12,1.5241885468014413e-09,CD16+ Monocytes,upregulated,8.816961306112866
HERC5,6.889813,2.5377936,5.5865842507085556e-12,2.431193256683352e-09,CD16+ Monocytes,upregulated,8.614180517514026
RSAD2,6.3199215,2.9683263,2.6169643094209053e-10,9.617053063309668e-08,CD16+ Monocytes,upregulated,7.016957987672417
DDX58,6.1367064,2.0367,8.424995656891439e-10,2.7864830635602745e-07,CD16+ Monocytes,upregulated,6.5549435922721155
IRF7,6.069344,1.0977228,1.2843370693692211e-09,3.861651293847056e-07,CD16+ Monocytes,upregulated,6.413226945469978
SLFN5,5.885754,1.3430431,3.962431933009097e-09,1.0401069345424039e-06,CD16+ Monocytes,upregulated,5.982922008110566
LMO2,5.8253903,1.0044343,5.6979191698905685e-09,1.449638297115082e-06,CD16+ Monocytes,upregulated,5.838740346153153
IFI35,5.8091435,1.1532581,6.279319688403981e-09,1.5498673087632334e-06,CD16+ Monocytes,upregulated,5.809705482177265
ADGRE1,5.6098065,1.2389385,2.0255283589474186e-08,4.588515407111433e-06,CD16+ Monocytes,upregulated,5.33832780570264
OASL,5.364353,2.376189,8.123972935921422e-08,1.7447550706666566e-05,CD16+ Monocytes,upregulated,4.75826553083879
IFI44,4.888444,2.2162724,1.0163610339120801e-06,0.00017880385550855392,CD16+ Monocytes,upregulated,3.747623120841907
DTX3L,4.841578,1.2109361,1.2881214683704115e-06,0.00021960479095300508,CD16+ Monocytes,upregulated,3.6583581894416333
IFIH1,4.529887,1.1670523,5.901516353481167e-06,0.0008413222063579142,CD16+ Monocytes,upregulated,3.0750376479066546
TRIM22,4.4775224,1.1245983,7.551435823489672e-06,0.0010152690586426724,CD16+ Monocytes,upregulated,2.993418849180298
HES4,4.3979125,2.0035539,1.0929706549045152e-05,0.0014231854897760604,CD16+ Monocytes,upregulated,2.8467384927925354
SPATS2L,4.3294253,1.2717841,1.4949886207593405e-05,0.0018729262743558497,CD16+ Monocytes,upregulated,2.7274793178039456
HRH2,4.062476,1.3199216,4.855487890508644e-05,0.005180335693247836,CD16+ Monocytes,upregulated,2.285642096432112
MSR1,3.9872406,2.0216014,6.6846219628496e-05,0.006866061701841232,CD16+ Monocytes,upregulated,2.163292298106778
CMPK2,3.8820107,3.3569007,0.00010359633121174296,0.009517625162492185,CD16+ Monocytes,upregulated,2.021471403242539
VEGFB,-3.8900092,-1.428155,0.00010024044418517047,0.009312787783652608,CD16+ Monocytes,downregulated,2.0309202934735913
DUSP4,-4.126214,-1.1973237,3.6878386712405806e-05,0.004072349284415275,CD16+ Monocytes,downregulated,2.390154979740876
GPR35,-4.2283196,-1.0542423,2.3544306756701868e-05,0.002722742663185866,CD16+ Monocytes,downregulated,2.5649934035515645
RGCC,-4.288433,-1.1243949,1.7993784339185897e-05,0.0022206209822172923,CD16+ Monocytes,downregulated,2.653525560937467
CYTOR,-4.457651,-1.232236,8.28626504689945e-06,0.0010962397206446097,CD16+ Monocytes,downregulated,2.9600944659527024
TIPARP,-4.5388856,-1.2717848,5.655231397518978e-06,0.0008203558036909767,CD16+ Monocytes,downregulated,3.085997745098113
MFSD12,-5.6471744,-1.0836477,1.631062617939231e-08,3.7989975370226846e-06,CD16+ Monocytes,downregulated,5.420330988008271
FBP1,-5.6561728,-1.3607264,1.54785653302179e-08,3.656700498083049e-06,CD16+ Monocytes,downregulated,5.436910609078548
INSIG1,-5.660422,-1.0577121,1.5100123724189148e-08,3.6189963192306656e-06,CD16+ Monocytes,downregulated,5.441411858599074
LMNA,-5.9035006,-1.2116728,3.5586816879681543e-09,9.6475277170376e-07,CD16+ Monocytes,downregulated,6.015583965040661
GSN,-6.065095,-1.0258087,1.3187576197161485e-09,3.894338349508205e-07,CD16+ Monocytes,downregulated,6.409566318624722
HMG20B,-6.1142106,-1.2389416,9.703612358637558e-10,2.9716414365701724e-07,CD16+ Monocytes,downregulated,6.527003594478575
INHBA,-8.117204,-1.6268747,4.770462213294924e-16,5.259275574750544e-13,CD16+ Monocytes,downregulated,12.279074072491742
CYP1B1,-9.072022,-2.3699336,1.1682826199261807e-19,1.931988968571925e-16,CD16+ Monocytes,downregulated,15.713995357683475
